{
  "updated": "2026-02-22",
  "official_peg": 6.96,
  "series": [
    {
      "date": "2025-11-28",
      "mid": 10.391868,
      "spread_pct": 0.203852,
      "gap": 3.431868,
      "log_depth": 13.390954,
      "z_gap": 1.38846,
      "z_spread": 0.308292,
      "z_liq": -1.197294,
      "emp": 0.779884,
      "emp_rolling": null,
      "prob_depr_14d": 0.096744,
      "prob_depr_30d": 0.02517,
      "alarm_mass_14d": -0.04479,
      "alarm_mass_30d": -0.024249
    },
    {
      "date": "2025-11-29",
      "mid": 10.292927,
      "spread_pct": 0.156097,
      "gap": 3.332927,
      "log_depth": 13.603028,
      "z_gap": 1.176101,
      "z_spread": 0.256938,
      "z_liq": -0.765091,
      "emp": 0.729427,
      "emp_rolling": null,
      "prob_depr_14d": 0.131178,
      "prob_depr_30d": 0.036531,
      "alarm_mass_14d": -0.035399,
      "alarm_mass_30d": -0.027448
    },
    {
      "date": "2025-11-30",
      "mid": 10.144853,
      "spread_pct": 0.168743,
      "gap": 3.184853,
      "log_depth": 13.354282,
      "z_gap": 0.858287,
      "z_spread": -0.20164,
      "z_liq": -0.378394,
      "emp": 0.312322,
      "emp_rolling": null,
      "prob_depr_14d": 0.14655,
      "prob_depr_30d": 0.031276,
      "alarm_mass_14d": -0.050531,
      "alarm_mass_30d": -0.070859
    },
    {
      "date": "2025-12-01",
      "mid": 10.094195,
      "spread_pct": 0.180255,
      "gap": 3.134195,
      "log_depth": 13.306182,
      "z_gap": 0.749558,
      "z_spread": 0.289889,
      "z_liq": -1.347159,
      "emp": 0.305365,
      "emp_rolling": null,
      "prob_depr_14d": 0.204737,
      "prob_depr_30d": 0.128175,
      "alarm_mass_14d": 0.001195,
      "alarm_mass_30d": 0.022192
    },
    {
      "date": "2025-12-02",
      "mid": 9.806073,
      "spread_pct": 0.18885,
      "gap": 2.846073,
      "log_depth": 13.652704,
      "z_gap": 0.131156,
      "z_spread": 0.810494,
      "z_liq": -0.848944,
      "emp": 0.4075,
      "emp_rolling": null,
      "prob_depr_14d": 0.52193,
      "prob_depr_30d": 0.678452,
      "alarm_mass_14d": 0.248346,
      "alarm_mass_30d": 0.461451
    },
    {
      "date": "2025-12-03",
      "mid": 10.464839,
      "spread_pct": 0.235258,
      "gap": 3.504839,
      "log_depth": 13.392157,
      "z_gap": 1.545079,
      "z_spread": 2.06406,
      "z_liq": 0.449259,
      "emp": 2.583308,
      "emp_rolling": null,
      "prob_depr_14d": 0.353759,
      "prob_depr_30d": 0.311278,
      "alarm_mass_14d": 0.021859,
      "alarm_mass_30d": 0.001728
    },
    {
      "date": "2025-12-04",
      "mid": 10.315532,
      "spread_pct": 0.241852,
      "gap": 3.355532,
      "log_depth": 13.48333,
      "z_gap": 1.224617,
      "z_spread": 1.415243,
      "z_liq": -0.12809,
      "emp": 1.753846,
      "emp_rolling": null,
      "prob_depr_14d": 0.305617,
      "prob_depr_30d": 0.242196,
      "alarm_mass_14d": -0.059561,
      "alarm_mass_30d": -0.121145
    },
    {
      "date": "2025-12-05",
      "mid": 9.661205,
      "spread_pct": 0.219657,
      "gap": 2.701205,
      "log_depth": 13.56967,
      "z_gap": -0.179777,
      "z_spread": 0.222846,
      "z_liq": -0.374312,
      "emp": -0.069925,
      "emp_rolling": null,
      "prob_depr_14d": 0.527401,
      "prob_depr_30d": 0.569967,
      "alarm_mass_14d": 0.124164,
      "alarm_mass_30d": 0.139089
    },
    {
      "date": "2025-12-06",
      "mid": 9.639073,
      "spread_pct": 0.146208,
      "gap": 2.679073,
      "log_depth": 13.342456,
      "z_gap": -0.227279,
      "z_spread": -0.102503,
      "z_liq": -0.868085,
      "emp": -0.470561,
      "emp_rolling": null,
      "prob_depr_14d": 0.449721,
      "prob_depr_30d": 0.460353,
      "alarm_mass_14d": 0.015344,
      "alarm_mass_30d": 0.012871
    },
    {
      "date": "2025-12-07",
      "mid": 9.486744,
      "spread_pct": 0.121471,
      "gap": 2.526744,
      "log_depth": 13.270713,
      "z_gap": -0.554225,
      "z_spread": -0.49708,
      "z_liq": 0.02426,
      "emp": -0.703267,
      "emp_rolling": null,
      "prob_depr_14d": 0.523102,
      "prob_depr_30d": 0.433515,
      "alarm_mass_14d": 0.071517,
      "alarm_mass_30d": -0.005188
    },
    {
      "date": "2025-12-08",
      "mid": 9.621585,
      "spread_pct": 0.119613,
      "gap": 2.661585,
      "log_depth": 13.241177,
      "z_gap": -0.264814,
      "z_spread": -0.478667,
      "z_liq": -0.531595,
      "emp": -0.660974,
      "emp_rolling": null,
      "prob_depr_14d": 0.397829,
      "prob_depr_30d": 0.288072,
      "alarm_mass_14d": -0.058744,
      "alarm_mass_30d": -0.13193
    },
    {
      "date": "2025-12-09",
      "mid": 9.299366,
      "spread_pct": 0.113198,
      "gap": 2.339366,
      "log_depth": 13.538448,
      "z_gap": -0.956399,
      "z_spread": -0.714723,
      "z_liq": -0.684642,
      "emp": -1.322957,
      "emp_rolling": -1.995671,
      "prob_depr_14d": 0.585754,
      "prob_depr_30d": 0.629227,
      "alarm_mass_14d": 0.09323,
      "alarm_mass_30d": 0.158415
    },
    {
      "date": "2025-12-10",
      "mid": 9.336807,
      "spread_pct": 0.116571,
      "gap": 2.376807,
      "log_depth": 13.403123,
      "z_gap": -0.876039,
      "z_spread": -0.665475,
      "z_liq": -0.107896,
      "emp": -1.069764,
      "emp_rolling": -1.504196,
      "prob_depr_14d": 0.594714,
      "prob_depr_30d": 0.572271,
      "alarm_mass_14d": 0.0664,
      "alarm_mass_30d": 0.05074
    },
    {
      "date": "2025-12-11",
      "mid": 9.129898,
      "spread_pct": 0.120313,
      "gap": 2.169898,
      "log_depth": 13.534753,
      "z_gap": -1.320132,
      "z_spread": -0.718968,
      "z_liq": -0.497972,
      "emp": -1.510394,
      "emp_rolling": -1.798921,
      "prob_depr_14d": 0.711549,
      "prob_depr_30d": 0.813884,
      "alarm_mass_14d": 0.136577,
      "alarm_mass_30d": 0.220781
    },
    {
      "date": "2025-12-12",
      "mid": 9.211839,
      "spread_pct": 0.112644,
      "gap": 2.251839,
      "log_depth": 13.199843,
      "z_gap": -1.14426,
      "z_spread": -0.71782,
      "z_liq": -0.075309,
      "emp": -1.272629,
      "emp_rolling": -1.364565,
      "prob_depr_14d": 0.674933,
      "prob_depr_30d": 0.712825,
      "alarm_mass_14d": 0.05818,
      "alarm_mass_30d": 0.06826
    },
    {
      "date": "2025-12-13",
      "mid": 9.241627,
      "spread_pct": 0.098839,
      "gap": 2.281627,
      "log_depth": 13.003353,
      "z_gap": -1.080326,
      "z_spread": -0.64801,
      "z_liq": 0.238627,
      "emp": -1.091543,
      "emp_rolling": -1.073501,
      "prob_depr_14d": 0.681232,
      "prob_depr_30d": 0.692858,
      "alarm_mass_14d": 0.039422,
      "alarm_mass_30d": 0.027468
    },
    {
      "date": "2025-12-14",
      "mid": 9.221713,
      "spread_pct": 0.108831,
      "gap": 2.261713,
      "log_depth": 12.764618,
      "z_gap": -1.123067,
      "z_spread": -0.739908,
      "z_liq": -0.097017,
      "emp": -1.28043,
      "emp_rolling": -1.164745,
      "prob_depr_14d": 0.662946,
      "prob_depr_30d": 0.692116,
      "alarm_mass_14d": 4.1e-05,
      "alarm_mass_30d": 0.012071
    },
    {
      "date": "2025-12-15",
      "mid": 9.371131,
      "spread_pct": 0.100737,
      "gap": 2.411131,
      "log_depth": 13.372155,
      "z_gap": -0.802369,
      "z_spread": -0.492354,
      "z_liq": -0.351562,
      "emp": -0.970774,
      "emp_rolling": -0.724842,
      "prob_depr_14d": 0.594632,
      "prob_depr_30d": 0.622159,
      "alarm_mass_14d": -0.073264,
      "alarm_mass_30d": -0.069059
    },
    {
      "date": "2025-12-16",
      "mid": 9.261977,
      "spread_pct": 0.091081,
      "gap": 2.301977,
      "log_depth": 12.89851,
      "z_gap": -1.036648,
      "z_spread": -0.749828,
      "z_liq": 0.004177,
      "emp": -1.201601,
      "emp_rolling": -0.933886,
      "prob_depr_14d": 0.636984,
      "prob_depr_30d": 0.630004,
      "alarm_mass_14d": -0.034063,
      "alarm_mass_30d": -0.04388
    },
    {
      "date": "2025-12-17",
      "mid": 9.42351,
      "spread_pct": 0.099021,
      "gap": 2.46351,
      "log_depth": 13.160414,
      "z_gap": -0.689945,
      "z_spread": -0.398291,
      "z_liq": -1.089198,
      "emp": -1.043935,
      "emp_rolling": -0.600154,
      "prob_depr_14d": 0.540771,
      "prob_depr_30d": 0.631722,
      "alarm_mass_14d": -0.123644,
      "alarm_mass_30d": -0.028013
    },
    {
      "date": "2025-12-18",
      "mid": 10.488076,
      "spread_pct": 0.250088,
      "gap": 3.528076,
      "log_depth": 13.419138,
      "z_gap": 1.594953,
      "z_spread": 1.353214,
      "z_liq": 0.08356,
      "emp": 2.014065,
      "emp_rolling": 2.269153,
      "prob_depr_14d": 0.202741,
      "prob_depr_30d": 0.089048,
      "alarm_mass_14d": -0.360437,
      "alarm_mass_30d": -0.452483
    },
    {
      "date": "2025-12-19",
      "mid": 10.257441,
      "spread_pct": 0.224365,
      "gap": 3.297441,
      "log_depth": 13.498588,
      "z_gap": 1.099936,
      "z_spread": 1.376544,
      "z_liq": -0.753526,
      "emp": 1.464963,
      "emp_rolling": 1.681527,
      "prob_depr_14d": 0.311358,
      "prob_depr_30d": 0.320866,
      "alarm_mass_14d": -0.179164,
      "alarm_mass_30d": -0.134326
    },
    {
      "date": "2025-12-20",
      "mid": 9.739084,
      "spread_pct": 0.188566,
      "gap": 2.779084,
      "log_depth": 13.455338,
      "z_gap": -0.012623,
      "z_spread": -0.069024,
      "z_liq": -0.649584,
      "emp": -0.243624,
      "emp_rolling": -0.00572,
      "prob_depr_14d": 0.391629,
      "prob_depr_30d": 0.326989,
      "alarm_mass_14d": -0.088758,
      "alarm_mass_30d": -0.123417
    },
    {
      "date": "2025-12-21",
      "mid": 10.111467,
      "spread_pct": 0.19516,
      "gap": 3.151467,
      "log_depth": 13.315443,
      "z_gap": 0.78663,
      "z_spread": 0.727999,
      "z_liq": 0.001818,
      "emp": 1.024315,
      "emp_rolling": 1.161872,
      "prob_depr_14d": 0.316781,
      "prob_depr_30d": 0.198977,
      "alarm_mass_14d": -0.146753,
      "alarm_mass_30d": -0.228296
    },
    {
      "date": "2025-12-22",
      "mid": 9.732886,
      "spread_pct": 0.180038,
      "gap": 2.772886,
      "log_depth": 13.362917,
      "z_gap": -0.025926,
      "z_spread": -0.395197,
      "z_liq": -1.028986,
      "emp": -0.589486,
      "emp_rolling": -0.361721,
      "prob_depr_14d": 0.314256,
      "prob_depr_30d": 0.217301,
      "alarm_mass_14d": -0.130212,
      "alarm_mass_30d": -0.179834
    },
    {
      "date": "2025-12-23",
      "mid": 9.589176,
      "spread_pct": 0.159545,
      "gap": 2.629176,
      "log_depth": 13.380135,
      "z_gap": -0.334374,
      "z_spread": -0.30257,
      "z_liq": -0.777302,
      "emp": -0.654311,
      "emp_rolling": -0.479869,
      "prob_depr_14d": 0.44868,
      "prob_depr_30d": 0.425777,
      "alarm_mass_14d": 0.004539,
      "alarm_mass_30d": 0.032111
    },
    {
      "date": "2025-12-24",
      "mid": 9.615378,
      "spread_pct": 0.13451,
      "gap": 2.655378,
      "log_depth": 13.123002,
      "z_gap": -0.278135,
      "z_spread": -0.556802,
      "z_liq": -0.088572,
      "emp": -0.596649,
      "emp_rolling": -0.467895,
      "prob_depr_14d": 0.406177,
      "prob_depr_30d": 0.245594,
      "alarm_mass_14d": -0.044834,
      "alarm_mass_30d": -0.137008
    },
    {
      "date": "2025-12-25",
      "mid": 9.795829,
      "spread_pct": 0.116148,
      "gap": 2.835829,
      "log_depth": 13.016956,
      "z_gap": 0.109171,
      "z_spread": -0.16578,
      "z_liq": 0.947627,
      "emp": 0.228707,
      "emp_rolling": 0.303157,
      "prob_depr_14d": 0.401893,
      "prob_depr_30d": 0.169752,
      "alarm_mass_14d": -0.05795,
      "alarm_mass_30d": -0.197632
    },
    {
      "date": "2025-12-26",
      "mid": 9.621821,
      "spread_pct": 0.123644,
      "gap": 2.661821,
      "log_depth": 12.788172,
      "z_gap": -0.264307,
      "z_spread": -0.606666,
      "z_liq": -0.492198,
      "emp": -0.738705,
      "emp_rolling": -0.561967,
      "prob_depr_14d": 0.372773,
      "prob_depr_30d": 0.235192,
      "alarm_mass_14d": -0.08186,
      "alarm_mass_30d": -0.093338
    },
    {
      "date": "2025-12-27",
      "mid": 9.751886,
      "spread_pct": 0.124935,
      "gap": 2.791886,
      "log_depth": 12.968187,
      "z_gap": 0.014854,
      "z_spread": -0.571354,
      "z_liq": 0.641808,
      "emp": -0.204487,
      "emp_rolling": -0.101921,
      "prob_depr_14d": 0.337068,
      "prob_depr_30d": 0.108592,
      "alarm_mass_14d": -0.117552,
      "alarm_mass_30d": -0.206789
    },
    {
      "date": "2025-12-28",
      "mid": 9.921636,
      "spread_pct": 0.126794,
      "gap": 2.961636,
      "log_depth": 12.846008,
      "z_gap": 0.379193,
      "z_spread": -0.129665,
      "z_liq": 1.277334,
      "emp": 0.525788,
      "emp_rolling": 0.601319,
      "prob_depr_14d": 0.333441,
      "prob_depr_30d": 0.089535,
      "alarm_mass_14d": -0.112091,
      "alarm_mass_30d": -0.197266
    },
    {
      "date": "2025-12-29",
      "mid": 9.842258,
      "spread_pct": 0.13746,
      "gap": 2.882258,
      "log_depth": 13.082745,
      "z_gap": 0.208821,
      "z_spread": -0.380148,
      "z_liq": 0.42416,
      "emp": -0.006573,
      "emp_rolling": 0.129083,
      "prob_depr_14d": 0.303769,
      "prob_depr_30d": 0.100255,
      "alarm_mass_14d": -0.120302,
      "alarm_mass_30d": -0.157458
    },
    {
      "date": "2025-12-30",
      "mid": 9.64886,
      "spread_pct": 0.089402,
      "gap": 2.68886,
      "log_depth": 13.223314,
      "z_gap": -0.206273,
      "z_spread": -0.842889,
      "z_liq": -0.151161,
      "emp": -0.767454,
      "emp_rolling": -0.599235,
      "prob_depr_14d": 0.321479,
      "prob_depr_30d": 0.130375,
      "alarm_mass_14d": -0.085232,
      "alarm_mass_30d": -0.100523
    },
    {
      "date": "2025-12-31",
      "mid": 9.941071,
      "spread_pct": 0.1287,
      "gap": 2.981071,
      "log_depth": 13.097217,
      "z_gap": 0.420906,
      "z_spread": 0.16373,
      "z_liq": -0.049225,
      "emp": 0.37589,
      "emp_rolling": 0.608962,
      "prob_depr_14d": 0.321472,
      "prob_depr_30d": 0.175071,
      "alarm_mass_14d": -0.077615,
      "alarm_mass_30d": -0.044175
    },
    {
      "date": "2026-01-01",
      "mid": 9.863781,
      "spread_pct": 0.140252,
      "gap": 2.903781,
      "log_depth": 13.180519,
      "z_gap": 0.255016,
      "z_spread": -0.420177,
      "z_liq": 0.154309,
      "emp": -0.082018,
      "emp_rolling": 0.106162,
      "prob_depr_14d": 0.272383,
      "prob_depr_30d": 0.087278,
      "alarm_mass_14d": -0.120091,
      "alarm_mass_30d": -0.129772
    },
    {
      "date": "2026-01-02",
      "mid": 9.65483,
      "spread_pct": 0.126076,
      "gap": 2.69483,
      "log_depth": 13.330203,
      "z_gap": -0.193459,
      "z_spread": -0.736497,
      "z_liq": -1.056235,
      "emp": -0.945485,
      "emp_rolling": -0.682918,
      "prob_depr_14d": 0.300698,
      "prob_depr_30d": 0.178854,
      "alarm_mass_14d": -0.081191,
      "alarm_mass_30d": -0.029262
    },
    {
      "date": "2026-01-03",
      "mid": 9.846242,
      "spread_pct": 0.122865,
      "gap": 2.886242,
      "log_depth": 13.311937,
      "z_gap": 0.217371,
      "z_spread": -0.318369,
      "z_liq": -0.221776,
      "emp": -0.143906,
      "emp_rolling": 0.15952,
      "prob_depr_14d": 0.286954,
      "prob_depr_30d": 0.123956,
      "alarm_mass_14d": -0.092103,
      "alarm_mass_30d": -0.086934
    },
    {
      "date": "2026-01-04",
      "mid": 10.05699,
      "spread_pct": 0.174736,
      "gap": 3.09699,
      "log_depth": 13.224298,
      "z_gap": 0.669705,
      "z_spread": 0.157774,
      "z_liq": 0.68957,
      "emp": 0.747536,
      "emp_rolling": 1.068385,
      "prob_depr_14d": 0.274741,
      "prob_depr_30d": 0.08346,
      "alarm_mass_14d": -0.091152,
      "alarm_mass_30d": -0.117463
    },
    {
      "date": "2026-01-05",
      "mid": 10.307109,
      "spread_pct": 0.204956,
      "gap": 3.347109,
      "log_depth": 13.048626,
      "z_gap": 1.20654,
      "z_spread": 0.95641,
      "z_liq": -0.999836,
      "emp": 1.170348,
      "emp_rolling": 1.756602,
      "prob_depr_14d": 0.203604,
      "prob_depr_30d": 0.134785,
      "alarm_mass_14d": -0.147705,
      "alarm_mass_30d": -0.052401
    },
    {
      "date": "2026-01-06",
      "mid": 10.433365,
      "spread_pct": 0.245478,
      "gap": 3.473365,
      "log_depth": 13.673571,
      "z_gap": 1.477526,
      "z_spread": 1.422216,
      "z_liq": -1.039817,
      "emp": 1.661715,
      "emp_rolling": 2.179144,
      "prob_depr_14d": 0.205421,
      "prob_depr_30d": 0.164138,
      "alarm_mass_14d": -0.118283,
      "alarm_mass_30d": -0.020826
    },
    {
      "date": "2026-01-07",
      "mid": 10.568177,
      "spread_pct": 0.239271,
      "gap": 3.608177,
      "log_depth": 13.773719,
      "z_gap": 1.766876,
      "z_spread": 1.368735,
      "z_liq": -0.510999,
      "emp": 1.966231,
      "emp_rolling": 2.398218,
      "prob_depr_14d": 0.152302,
      "prob_depr_30d": 0.066648,
      "alarm_mass_14d": -0.151186,
      "alarm_mass_30d": -0.124108
    },
    {
      "date": "2026-01-08",
      "mid": 10.05791,
      "spread_pct": 0.235619,
      "gap": 3.09791,
      "log_depth": 13.729855,
      "z_gap": 0.671679,
      "z_spread": 0.383603,
      "z_liq": -1.928751,
      "emp": 0.152265,
      "emp_rolling": 0.586251,
      "prob_depr_14d": 0.218786,
      "prob_depr_30d": 0.199512,
      "alarm_mass_14d": -0.058215,
      "alarm_mass_30d": 0.024776
    },
    {
      "date": "2026-01-09",
      "mid": 10.149831,
      "spread_pct": 0.173372,
      "gap": 3.189831,
      "log_depth": 13.817442,
      "z_gap": 0.868971,
      "z_spread": 0.046615,
      "z_liq": -0.209902,
      "emp": 0.541278,
      "emp_rolling": 0.8504,
      "prob_depr_14d": 0.178441,
      "prob_depr_30d": 0.048168,
      "alarm_mass_14d": -0.092548,
      "alarm_mass_30d": -0.131826
    },
    {
      "date": "2026-01-10",
      "mid": 10.505259,
      "spread_pct": 0.166487,
      "gap": 3.545259,
      "log_depth": 13.288365,
      "z_gap": 1.631833,
      "z_spread": 1.026178,
      "z_liq": -0.358781,
      "emp": 1.682338,
      "emp_rolling": 2.002246,
      "prob_depr_14d": 0.142559,
      "prob_depr_30d": 0.046941,
      "alarm_mass_14d": -0.113186,
      "alarm_mass_30d": -0.106935
    },
    {
      "date": "2026-01-11",
      "mid": 10.490139,
      "spread_pct": 0.205052,
      "gap": 3.530139,
      "log_depth": 13.611493,
      "z_gap": 1.599381,
      "z_spread": 1.126134,
      "z_liq": -0.52505,
      "emp": 1.683005,
      "emp_rolling": 1.932561,
      "prob_depr_14d": 0.155634,
      "prob_depr_30d": 0.064125,
      "alarm_mass_14d": -0.082466,
      "alarm_mass_30d": -0.073365
    },
    {
      "date": "2026-01-12",
      "mid": 9.694159,
      "spread_pct": 0.097362,
      "gap": 2.734159,
      "log_depth": 13.500492,
      "z_gap": -0.109047,
      "z_spread": -0.942839,
      "z_liq": -1.213305,
      "emp": -1.079583,
      "emp_rolling": -0.781268,
      "prob_depr_14d": 0.235574,
      "prob_depr_30d": 0.104411,
      "alarm_mass_14d": -0.003189,
      "alarm_mass_30d": -0.019696
    },
    {
      "date": "2026-01-13",
      "mid": 9.960334,
      "spread_pct": 0.125878,
      "gap": 3.000334,
      "log_depth": 13.709705,
      "z_gap": 0.462249,
      "z_spread": -0.228426,
      "z_liq": -1.033212,
      "emp": -0.154446,
      "emp_rolling": 0.116708,
      "prob_depr_14d": 0.207731,
      "prob_depr_30d": 0.093656,
      "alarm_mass_14d": -0.037968,
      "alarm_mass_30d": -0.0355
    },
    {
      "date": "2026-01-14",
      "mid": 9.620808,
      "spread_pct": 0.126552,
      "gap": 2.660808,
      "log_depth": 13.690817,
      "z_gap": -0.266481,
      "z_spread": -1.114396,
      "z_liq": -1.914348,
      "emp": -1.504509,
      "emp_rolling": -1.180088,
      "prob_depr_14d": 0.225453,
      "prob_depr_30d": 0.12698,
      "alarm_mass_14d": -0.019248,
      "alarm_mass_30d": 0.0014
    },
    {
      "date": "2026-01-15",
      "mid": 9.735421,
      "spread_pct": 0.091646,
      "gap": 2.775421,
      "log_depth": 13.839017,
      "z_gap": -0.020486,
      "z_spread": -0.870004,
      "z_liq": -0.984895,
      "emp": -0.904893,
      "emp_rolling": -0.678446,
      "prob_depr_14d": 0.231944,
      "prob_depr_30d": 0.092119,
      "alarm_mass_14d": -0.018124,
      "alarm_mass_30d": -0.035302
    },
    {
      "date": "2026-01-16",
      "mid": 9.691887,
      "spread_pct": 0.101437,
      "gap": 2.731887,
      "log_depth": 13.813168,
      "z_gap": -0.113922,
      "z_spread": -0.530552,
      "z_liq": -2.019686,
      "emp": -1.027088,
      "emp_rolling": -0.739042,
      "prob_depr_14d": 0.276725,
      "prob_depr_30d": 0.246971,
      "alarm_mass_14d": 0.023729,
      "alarm_mass_30d": 0.11786
    },
    {
      "date": "2026-01-17",
      "mid": 10.518596,
      "spread_pct": 0.141697,
      "gap": 3.558596,
      "log_depth": 13.806652,
      "z_gap": 1.660458,
      "z_spread": 1.387823,
      "z_liq": 0.60203,
      "emp": 2.230514,
      "emp_rolling": 2.340994,
      "prob_depr_14d": 0.208378,
      "prob_depr_30d": 0.073057,
      "alarm_mass_14d": -0.050588,
      "alarm_mass_30d": -0.069279
    },
    {
      "date": "2026-01-18",
      "mid": 10.115854,
      "spread_pct": 0.206443,
      "gap": 3.155854,
      "log_depth": 13.236053,
      "z_gap": 0.796046,
      "z_spread": 0.635199,
      "z_liq": -0.188246,
      "emp": 0.910902,
      "emp_rolling": 0.939062,
      "prob_depr_14d": 0.289061,
      "prob_depr_30d": 0.172087,
      "alarm_mass_14d": 0.028987,
      "alarm_mass_30d": 0.032118
    },
    {
      "date": "2026-01-19",
      "mid": 10.178148,
      "spread_pct": 0.158669,
      "gap": 3.218148,
      "log_depth": 13.47947,
      "z_gap": 0.929749,
      "z_spread": 0.238629,
      "z_liq": -0.0204,
      "emp": 0.769813,
      "emp_rolling": 0.783423,
      "prob_depr_14d": 0.19628,
      "prob_depr_30d": 0.057762,
      "alarm_mass_14d": -0.060939,
      "alarm_mass_30d": -0.076578
    },
    {
      "date": "2026-01-20",
      "mid": 9.695116,
      "spread_pct": 0.118528,
      "gap": 2.735116,
      "log_depth": 13.338673,
      "z_gap": -0.106994,
      "z_spread": -1.055516,
      "z_liq": -1.23705,
      "emp": -1.163788,
      "emp_rolling": -1.231901,
      "prob_depr_14d": 0.216925,
      "prob_depr_30d": 0.08448,
      "alarm_mass_14d": -0.036986,
      "alarm_mass_30d": -0.038036
    },
    {
      "date": "2026-01-21",
      "mid": 9.616985,
      "spread_pct": 0.093133,
      "gap": 2.656985,
      "log_depth": 13.746015,
      "z_gap": -0.274688,
      "z_spread": -1.198293,
      "z_liq": -1.877517,
      "emp": -1.557879,
      "emp_rolling": -1.638086,
      "prob_depr_14d": 0.216002,
      "prob_depr_30d": 0.110389,
      "alarm_mass_14d": -0.037341,
      "alarm_mass_30d": -0.008515
    },
    {
      "date": "2026-01-22",
      "mid": 9.586059,
      "spread_pct": 0.079476,
      "gap": 2.626059,
      "log_depth": 13.702066,
      "z_gap": -0.341063,
      "z_spread": -1.252573,
      "z_liq": -1.07079,
      "emp": -1.406862,
      "emp_rolling": -1.620932,
      "prob_depr_14d": 0.252048,
      "prob_depr_30d": 0.101053,
      "alarm_mass_14d": -0.007095,
      "alarm_mass_30d": -0.018056
    },
    {
      "date": "2026-01-23",
      "mid": 9.640237,
      "spread_pct": 0.083209,
      "gap": 2.680237,
      "log_depth": 13.454255,
      "z_gap": -0.22478,
      "z_spread": -0.733211,
      "z_liq": -0.623724,
      "emp": -0.839102,
      "emp_rolling": -1.032642,
      "prob_depr_14d": 0.328788,
      "prob_depr_30d": 0.179204,
      "alarm_mass_14d": 0.057889,
      "alarm_mass_30d": 0.0587
    },
    {
      "date": "2026-01-24",
      "mid": 9.616324,
      "spread_pct": 0.080441,
      "gap": 2.656324,
      "log_depth": 13.416194,
      "z_gap": -0.276106,
      "z_spread": -1.097999,
      "z_liq": -1.021265,
      "emp": -1.242069,
      "emp_rolling": -1.322334,
      "prob_depr_14d": 0.261912,
      "prob_depr_30d": 0.113692,
      "alarm_mass_14d": -0.018781,
      "alarm_mass_30d": -0.006989
    },
    {
      "date": "2026-01-25",
      "mid": 9.638152,
      "spread_pct": 0.090061,
      "gap": 2.678152,
      "log_depth": 13.272753,
      "z_gap": -0.229255,
      "z_spread": -0.594258,
      "z_liq": -0.588076,
      "emp": -0.734699,
      "emp_rolling": -0.819232,
      "prob_depr_14d": 0.359342,
      "prob_depr_30d": 0.226287,
      "alarm_mass_14d": 0.063231,
      "alarm_mass_30d": 0.100428
    },
    {
      "date": "2026-01-26",
      "mid": 9.441188,
      "spread_pct": 0.066843,
      "gap": 2.481188,
      "log_depth": 13.5826,
      "z_gap": -0.652003,
      "z_spread": -1.111408,
      "z_liq": -1.901056,
      "emp": -1.751114,
      "emp_rolling": -1.725419,
      "prob_depr_14d": 0.337857,
      "prob_depr_30d": 0.295093,
      "alarm_mass_14d": 0.030924,
      "alarm_mass_30d": 0.159787
    },
    {
      "date": "2026-01-27",
      "mid": 9.294668,
      "spread_pct": 0.061345,
      "gap": 2.334668,
      "log_depth": 13.870531,
      "z_gap": -0.966483,
      "z_spread": -1.35458,
      "z_liq": -1.08477,
      "emp": -1.891803,
      "emp_rolling": -1.949885,
      "prob_depr_14d": 0.430977,
      "prob_depr_30d": 0.335298,
      "alarm_mass_14d": 0.092256,
      "alarm_mass_30d": 0.147727
    },
    {
      "date": "2026-01-28",
      "mid": 9.103055,
      "spread_pct": 0.086605,
      "gap": 2.143055,
      "log_depth": 13.615077,
      "z_gap": -1.377744,
      "z_spread": -0.911231,
      "z_liq": -1.459734,
      "emp": -1.95951,
      "emp_rolling": -2.004531,
      "prob_depr_14d": 0.653411,
      "prob_depr_30d": 0.807717,
      "alarm_mass_14d": 0.263745,
      "alarm_mass_30d": 0.536985
    },
    {
      "date": "2026-01-29",
      "mid": 9.018646,
      "spread_pct": 0.082672,
      "gap": 2.058646,
      "log_depth": 13.667656,
      "z_gap": -1.558913,
      "z_spread": -0.97131,
      "z_liq": -1.047633,
      "emp": -2.001423,
      "emp_rolling": -2.006186,
      "prob_depr_14d": 0.715232,
      "prob_depr_30d": 0.848171,
      "alarm_mass_14d": 0.266519,
      "alarm_mass_30d": 0.481148
    },
    {
      "date": "2026-01-30",
      "mid": 9.256031,
      "spread_pct": 0.075011,
      "gap": 2.296031,
      "log_depth": 13.525962,
      "z_gap": -1.049409,
      "z_spread": -0.794526,
      "z_liq": -0.493077,
      "emp": -1.384438,
      "emp_rolling": -1.253149,
      "prob_depr_14d": 0.60989,
      "prob_depr_30d": 0.640634,
      "alarm_mass_14d": 0.120798,
      "alarm_mass_30d": 0.211089
    },
    {
      "date": "2026-01-31",
      "mid": 9.206231,
      "spread_pct": 0.094646,
      "gap": 2.246231,
      "log_depth": 13.471142,
      "z_gap": -1.156297,
      "z_spread": -1.007463,
      "z_liq": -0.84393,
      "emp": -1.704273,
      "emp_rolling": -1.464315,
      "prob_depr_14d": 0.585902,
      "prob_depr_30d": 0.623085,
      "alarm_mass_14d": 0.061375,
      "alarm_mass_30d": 0.137376
    },
    {
      "date": "2026-02-01",
      "mid": 9.091444,
      "spread_pct": 0.080401,
      "gap": 2.131444,
      "log_depth": 13.576221,
      "z_gap": -1.402667,
      "z_spread": -0.884778,
      "z_liq": -0.506288,
      "emp": -1.682676,
      "emp_rolling": -1.440736,
      "prob_depr_14d": 0.705695,
      "prob_depr_30d": 0.795704,
      "alarm_mass_14d": 0.146807,
      "alarm_mass_30d": 0.253997
    },
    {
      "date": "2026-02-02",
      "mid": 9.188664,
      "spread_pct": 0.078236,
      "gap": 2.228664,
      "log_depth": 13.454976,
      "z_gap": -1.194,
      "z_spread": -1.19239,
      "z_liq": -0.489415,
      "emp": -1.756016,
      "emp_rolling": -1.417582,
      "prob_depr_14d": 0.575957,
      "prob_depr_30d": 0.537244,
      "alarm_mass_14d": 0.005633,
      "alarm_mass_30d": -0.019857
    },
    {
      "date": "2026-02-03",
      "mid": 9.183537,
      "spread_pct": 0.065007,
      "gap": 2.223537,
      "log_depth": 13.452061,
      "z_gap": -1.205005,
      "z_spread": -1.367846,
      "z_liq": -0.814957,
      "emp": -1.979575,
      "emp_rolling": -1.548331,
      "prob_depr_14d": 0.52644,
      "prob_depr_30d": 0.471037,
      "alarm_mass_14d": -0.047366,
      "alarm_mass_30d": -0.083452
    },
    {
      "date": "2026-02-04",
      "mid": 9.321023,
      "spread_pct": 0.065309,
      "gap": 2.361023,
      "log_depth": 13.263267,
      "z_gap": -0.909916,
      "z_spread": -0.758823,
      "z_liq": 0.131531,
      "emp": -1.088184,
      "emp_rolling": -0.730248,
      "prob_depr_14d": 0.597673,
      "prob_depr_30d": 0.535123,
      "alarm_mass_14d": 0.022092,
      "alarm_mass_30d": -0.011884
    },
    {
      "date": "2026-02-05",
      "mid": 9.25715,
      "spread_pct": 0.080489,
      "gap": 2.29715,
      "log_depth": 13.504288,
      "z_gap": -1.047007,
      "z_spread": -1.081792,
      "z_liq": -0.891857,
      "emp": -1.698417,
      "emp_rolling": -1.205955,
      "prob_depr_14d": 0.528694,
      "prob_depr_30d": 0.515022,
      "alarm_mass_14d": -0.045141,
      "alarm_mass_30d": -0.02748
    },
    {
      "date": "2026-02-06",
      "mid": 9.288909,
      "spread_pct": 0.074736,
      "gap": 2.328909,
      "log_depth": 13.617357,
      "z_gap": -0.978843,
      "z_spread": -0.881131,
      "z_liq": -0.749836,
      "emp": -1.472683,
      "emp_rolling": -0.973806,
      "prob_depr_14d": 0.554794,
      "prob_depr_30d": 0.564505,
      "alarm_mass_14d": -0.01689,
      "alarm_mass_30d": 0.025381
    },
    {
      "date": "2026-02-07",
      "mid": 9.115103,
      "spread_pct": 0.092827,
      "gap": 2.155103,
      "log_depth": 13.405568,
      "z_gap": -1.351885,
      "z_spread": -0.637121,
      "z_liq": -0.623609,
      "emp": -1.510214,
      "emp_rolling": -1.067743,
      "prob_depr_14d": 0.730434,
      "prob_depr_30d": 0.852928,
      "alarm_mass_14d": 0.151954,
      "alarm_mass_30d": 0.303718
    },
    {
      "date": "2026-02-08",
      "mid": 9.198281,
      "spread_pct": 0.093436,
      "gap": 2.238281,
      "log_depth": 13.483728,
      "z_gap": -1.17336,
      "z_spread": -1.082397,
      "z_liq": -0.928103,
      "emp": -1.792044,
      "emp_rolling": -1.247354,
      "prob_depr_14d": 0.571937,
      "prob_depr_30d": 0.60151,
      "alarm_mass_14d": -0.01228,
      "alarm_mass_30d": 0.042155
    },
    {
      "date": "2026-02-09",
      "mid": 9.17508,
      "spread_pct": 0.070666,
      "gap": 2.21508,
      "log_depth": 13.834786,
      "z_gap": -1.223155,
      "z_spread": -1.14442,
      "z_liq": -0.576718,
      "emp": -1.766755,
      "emp_rolling": -1.236007,
      "prob_depr_14d": 0.592389,
      "prob_depr_30d": 0.585739,
      "alarm_mass_14d": 0.008149,
      "alarm_mass_30d": 0.021362
    },
    {
      "date": "2026-02-10",
      "mid": 9.198588,
      "spread_pct": 0.069038,
      "gap": 2.238588,
      "log_depth": 13.824548,
      "z_gap": -1.1727,
      "z_spread": -0.965012,
      "z_liq": -0.824628,
      "emp": -1.679803,
      "emp_rolling": -1.114109,
      "prob_depr_14d": 0.601501,
      "prob_depr_30d": 0.652789,
      "alarm_mass_14d": 0.01525,
      "alarm_mass_30d": 0.08094
    },
    {
      "date": "2026-02-11",
      "mid": 9.235819,
      "spread_pct": 0.072489,
      "gap": 2.275819,
      "log_depth": 13.679614,
      "z_gap": -1.092792,
      "z_spread": -0.796084,
      "z_liq": -0.566966,
      "emp": -1.435229,
      "emp_rolling": -0.874748,
      "prob_depr_14d": 0.621052,
      "prob_depr_30d": 0.670147,
      "alarm_mass_14d": 0.032164,
      "alarm_mass_30d": 0.092037
    },
    {
      "date": "2026-02-12",
      "mid": 9.23407,
      "spread_pct": 0.069853,
      "gap": 2.27407,
      "log_depth": 13.481872,
      "z_gap": -1.096545,
      "z_spread": -1.219701,
      "z_liq": -0.729135,
      "emp": -1.780322,
      "emp_rolling": -1.141875,
      "prob_depr_14d": 0.523984,
      "prob_depr_30d": 0.469105,
      "alarm_mass_14d": -0.066435,
      "alarm_mass_30d": -0.107935
    },
    {
      "date": "2026-02-13",
      "mid": 9.258741,
      "spread_pct": 0.070705,
      "gap": 2.298741,
      "log_depth": 13.590955,
      "z_gap": -1.043593,
      "z_spread": -0.577842,
      "z_liq": -0.328056,
      "emp": -1.181724,
      "emp_rolling": -0.60436,
      "prob_depr_14d": 0.659354,
      "prob_depr_30d": 0.726365,
      "alarm_mass_14d": 0.065224,
      "alarm_mass_30d": 0.14291
    },
    {
      "date": "2026-02-14",
      "mid": 9.335413,
      "spread_pct": 0.089568,
      "gap": 2.375413,
      "log_depth": 13.37545,
      "z_gap": -0.87903,
      "z_spread": -0.254804,
      "z_liq": 0.534859,
      "emp": -0.599679,
      "emp_rolling": -0.091491,
      "prob_depr_14d": 0.704997,
      "prob_depr_30d": 0.734061,
      "alarm_mass_14d": 0.101959,
      "alarm_mass_30d": 0.137754
    },
    {
      "date": "2026-02-15",
      "mid": 9.061144,
      "spread_pct": 0.146075,
      "gap": 2.101144,
      "log_depth": 12.939987,
      "z_gap": -1.467699,
      "z_spread": -0.915006,
      "z_liq": -0.915298,
      "emp": -1.864221,
      "emp_rolling": -1.187286,
      "prob_depr_14d": 0.703502,
      "prob_depr_30d": 0.826351,
      "alarm_mass_14d": 0.088578,
      "alarm_mass_30d": 0.214446
    },
    {
      "date": "2026-02-16",
      "mid": 9.095246,
      "spread_pct": 0.079027,
      "gap": 2.135246,
      "log_depth": 13.53528,
      "z_gap": -1.394505,
      "z_spread": -0.480914,
      "z_liq": -0.419284,
      "emp": -1.37015,
      "emp_rolling": -0.740742,
      "prob_depr_14d": 0.774614,
      "prob_depr_30d": 0.896131,
      "alarm_mass_14d": 0.150483,
      "alarm_mass_30d": 0.26959
    },
    {
      "date": "2026-02-17",
      "mid": 9.269883,
      "spread_pct": 0.099492,
      "gap": 2.309883,
      "log_depth": 13.236151,
      "z_gap": -1.019679,
      "z_spread": -0.476155,
      "z_liq": 0.432009,
      "emp": -0.876059,
      "emp_rolling": -0.290585,
      "prob_depr_14d": 0.702634,
      "prob_depr_30d": 0.723746,
      "alarm_mass_14d": 0.067599,
      "alarm_mass_30d": 0.081719
    },
    {
      "date": "2026-02-18",
      "mid": 9.169336,
      "spread_pct": 0.093587,
      "gap": 2.209336,
      "log_depth": 13.319685,
      "z_gap": -1.235484,
      "z_spread": -0.968733,
      "z_liq": -0.079896,
      "emp": -1.508976,
      "emp_rolling": -0.820468,
      "prob_depr_14d": 0.654893,
      "prob_depr_30d": 0.654803,
      "alarm_mass_14d": 0.009543,
      "alarm_mass_30d": -0.003278
    },
    {
      "date": "2026-02-19",
      "mid": 9.274686,
      "spread_pct": 0.078986,
      "gap": 2.314686,
      "log_depth": 13.631688,
      "z_gap": -1.009371,
      "z_spread": -0.511437,
      "z_liq": -1.110429,
      "emp": -1.338316,
      "emp_rolling": -0.538905,
      "prob_depr_14d": 0.627311,
      "prob_depr_30d": 0.765482,
      "alarm_mass_14d": -0.023489,
      "alarm_mass_30d": 0.092494
    },
    {
      "date": "2026-02-20",
      "mid": 9.116472,
      "spread_pct": 0.09857,
      "gap": 2.156472,
      "log_depth": 13.584731,
      "z_gap": -1.348947,
      "z_spread": -1.155475,
      "z_liq": -0.56425,
      "emp": -1.853281,
      "emp_rolling": -1.027323,
      "prob_depr_14d": 0.633663,
      "prob_depr_30d": 0.660322,
      "alarm_mass_14d": -0.019441,
      "alarm_mass_30d": -0.022099
    },
    {
      "date": "2026-02-21",
      "mid": 9.165522,
      "spread_pct": 0.087055,
      "gap": 2.205522,
      "log_depth": 13.269474,
      "z_gap": -1.243671,
      "z_spread": -1.029323,
      "z_liq": -0.957626,
      "emp": -1.809529,
      "emp_rolling": -0.908851,
      "prob_depr_14d": 0.606412,
      "prob_depr_30d": 0.672587,
      "alarm_mass_14d": -0.048959,
      "alarm_mass_30d": -0.005545
    },
    {
      "date": "2026-02-22",
      "mid": 9.150337,
      "spread_pct": 0.079182,
      "gap": 2.190337,
      "log_depth": 13.460978,
      "z_gap": -1.276263,
      "z_spread": -0.933938,
      "z_liq": -0.711059,
      "emp": -1.693214,
      "emp_rolling": -0.803232,
      "prob_depr_14d": 0.647951,
      "prob_depr_30d": 0.72213,
      "alarm_mass_14d": -0.013189,
      "alarm_mass_30d": 0.034787
    }
  ]
}