date,mid,spread_pct,gap,log_depth,z_gap,z_spread,z_liq,emp,emp_rolling,emp_dfm,emp_dfm_lo,emp_dfm_hi,prob_depr_14d,prob_depr_30d,alarm_mass_14d,alarm_mass_30d
2025-11-28,10.391868267628505,0.2041076182937947,3.431868267628503,13.38944963471405,0.4485340243193256,0.8450814891716003,-1.120350249522863,0.1589476592022455,,-0.1066359409079277,-0.2811220816591531,0.0678501998432975,0.2317933037940604,0.1007482336093535,0.0768846650949066,0.0430274617830854
2025-11-29,10.29292732484324,0.1572585046724448,3.332927324843241,13.592462690682542,0.3320351207961166,0.7887765938139422,-0.7033375188191481,0.2913483374101779,,-0.1974743955235348,-0.3577313822255941,-0.0372174088214756,0.2536998008651758,0.1284224928083144,0.0399687216438573,0.0197420844276156
2025-11-30,10.144852994181718,0.1688362103137404,3.1848529941817185,13.35428212606982,0.1576836675313107,0.2859861941560441,-0.3302309158489666,0.0840212298535831,,-0.3499692963693871,-0.5098411482192835,-0.1900974445194907,0.3694161931965309,0.2369495127328484,0.1395319662171233,0.1132979073244636
2025-12-01,10.09419498885794,0.182975616943612,3.1341949888579395,13.27986521346483,0.098035943255004,0.8249038770915564,-1.264948240214284,-0.1220378380485916,,-0.4217104299001762,-0.581572043151539,-0.2618488166488135,0.2484350476551097,0.1678531839264098,0.0226729167085582,0.0473816567770543
2025-12-02,9.806072839076055,0.1897418625698267,2.8460728390760552,13.642496507347598,-0.241216075024118,1.3957006626684485,-0.784243578387445,0.325482018220618,,-0.6988352158089746,-0.8586965570186762,-0.5389738745992729,0.1809265549007315,0.1848088854820322,-0.0306118898793356,0.0552033109197953
2025-12-03,10.464839182148332,0.2352500751072713,3.504839182148332,13.39215731855819,0.5344542843384379,2.770124024374146,0.4683331947055749,2.3104004022623266,,-0.1280681213216495,-0.2879294553032517,0.0317932126599526,0.0540735656237355,0.0210248337212763,-0.1258777965005802,-0.0917850576856969
2025-12-04,10.31553157309298,0.2420175852805885,3.355531573092981,13.48332951949786,0.35865069632966,2.058754476288394,-0.0887243438164427,1.4546640857859785,,-0.175888623697067,-0.3357499574866199,-0.016027289907514,0.0989423277056084,0.0479371503346351,-0.0623554133905686,-0.0557058915152243
2025-12-05,9.661204695104356,0.2195010790712784,2.701204695104356,13.569670278146504,-0.4117923749162117,0.751396873715572,-0.3262930942634744,0.0770019428117468,,-0.794107663633584,-0.953968997418034,-0.6342463298491339,0.3041868928844909,0.3502050484888916,0.147792343619142,0.238419233930586
2025-12-06,9.63907300582474,0.1462083553128625,2.67907300582474,13.342456062872046,-0.4378515316374848,0.394680935558224,-0.8027111789836568,-0.4278502576340976,,-0.9168189443087416,-1.0766802780931917,-0.7569576105242914,0.3697134003160175,0.4232467617990293,0.170366694751247,0.245941829662865
2025-12-07,9.486744456971264,0.1230258140682026,2.5267444569712643,13.25879289303544,-0.6172121523991748,-0.037937516655735,0.0582707734502346,-0.3231668873580376,,-1.078104465517617,-1.2379657993020672,-0.918243131733167,0.4979369047270015,0.604207369149932,0.2427819532510405,0.3483619542151858
2025-12-08,9.621585014228684,0.1200005387576107,2.661585014228684,13.198710012928386,-0.4584429247292746,-0.0177496612131968,-0.4780473549119333,-0.5219125298481403,,-0.9798914385368738,-1.139752772321324,-0.8200301047524237,0.4712169161531374,0.5250181019536209,0.1748993444612069,0.2153570090217924
2025-12-09,9.299365846808634,0.1152699999284137,2.339365846808634,13.5194066885424,-0.8378427832900391,-0.2765638463523157,-0.6257156138666368,-0.972103274456786,-2.767040590689124,-1.2636318186315965,-1.4234931524160466,-1.1037704848471463,0.5509532599861764,0.7187860355694891,0.2159213784288977,0.3383784541623185
2025-12-10,9.336806669448006,0.1166109895694144,2.3768066694480057,13.38743121481814,-0.7937577497164204,-0.2225680052636549,-0.0692405850469192,-0.6060824016667415,-2.2401812949194277,-1.2743376931181047,-1.4341990269025549,-1.1144763593336546,0.548544848897774,0.7032828438183318,0.1849963456834293,0.267700163006168
2025-12-11,9.129897837425036,0.1202997937722491,2.169897837425036,13.53475250562206,-1.037384416103254,-0.2812180580752677,-0.44560615849059,-0.9824820849603548,-2.569839579063395,-1.4686591851348116,-1.6285205189192618,-1.3087978513503615,0.5681429676404192,0.7838029402689114,0.1855208490203637,0.2977782174846402
2025-12-12,9.211838671397722,0.1119372287405,2.2518386713977216,13.199843406072963,-0.9409024436976184,-0.2799588085536513,-0.0377986028604334,-0.7042066208703557,-2.1089995420706567,-1.4238034785422615,-1.583664812326712,-1.2639421447578116,0.571271080245322,0.7610726459634128,0.161963850807176,0.2213713827714952
2025-12-13,9.241626585099862,0.099477185414872,2.281626585099862,12.984099952307218,-0.9058283966261744,-0.2034184430769585,0.265104185686735,-0.4689967488083983,-1.80432334897208,-1.3883062159362642,-1.5481675497207144,-1.228444882151814,0.5585347519176973,0.7425144910051642,0.1195705388989212,0.1581835077805317
2025-12-14,9.221712743893978,0.1086076515908708,2.2617127438939777,12.764617922221236,-0.929276128173022,-0.3041763273854366,-0.0587436745451835,-0.7249833498097679,-1.9140448660030944,-1.4016255094475794,-1.5614868432320297,-1.2417641756631292,0.5756078316828563,0.76099944011154,0.1178208957711685,0.1489730322639942
2025-12-15,9.371130680366328,0.1007149038553636,2.411130680366328,13.372155366568125,-0.7533426341541821,-0.0327553028591642,-0.304342227113912,-0.593606614596616,-1.4937180016775065,-1.264833166614011,-1.424694500398461,-1.1049718328295608,0.4967171459090161,0.6493901840055045,0.0247542985764997,0.0159229982224682
2025-12-16,9.261976867754228,0.0918497843534428,2.3019768677542283,12.877178702822835,-0.8818667731679615,-0.3150530713254831,0.0388937419157123,-0.6524315556082422,-1.6797989210535007,-1.3440456019649016,-1.5039069357493515,-1.1841842681804515,0.5774368737493976,0.7495644233336989,0.0820014239408171,0.0910958259201366
2025-12-17,9.423510247846426,0.099786183936085,2.4635102478464264,13.136968604114102,-0.691667841023341,0.0703756481639013,-1.0160532179924333,-0.8887004646060113,-1.4112353624864364,-1.2074794062678122,-1.3673407400522624,-1.047618072483362,0.4527426832146453,0.5916169686630925,-0.0504351700197152,-0.0729834361483062
2025-12-18,10.488076091480997,0.250088306718554,3.5280760914809948,13.41913766455482,0.5618147923578413,1.9907447326579275,0.1154871134519875,1.633399439125495,1.4854990654139373,-0.1916465447311414,-0.3515078785155916,-0.0317852109466912,0.1018565199232701,0.0372365960853227,-0.3081101956669502,-0.4884649321314714
2025-12-19,10.257440854684871,0.2255341774176383,3.297440854684873,13.491959560252443,0.2902512571398795,2.016324396661835,-0.6921784392567899,1.0569609082219582,0.8406648044230249,-0.2409874236502592,-0.4008487574347094,-0.081126089865809,0.0989966270149285,0.0528311311095689,-0.2435241282390613,-0.3663900858038528
2025-12-20,9.739084225007874,0.1885097772707397,2.7790842250078738,13.456763020769577,-0.3200924215374143,0.4313875163986173,-0.591890030019893,-0.2245960273390837,-0.7914705074081001,-0.7335208368630477,-0.8933821706474978,-0.5736595030785976,0.3596296996504572,0.3729202373190474,0.0475571071675848,0.0070623989622929
2025-12-21,10.111467286629784,0.1966891794877,3.151467286629784,13.306081841120116,0.1183733657122924,1.3052527918158257,0.0366180421116626,0.9151498275621258,0.386278296620401,-0.4655047797424813,-0.6253661135269315,-0.3056434459580311,0.1917810942731989,0.1256059387304249,-0.0898786796009,-0.187982061104301
2025-12-22,9.732886338029129,0.180074471394347,2.772886338029129,13.362917269204528,-0.3273901793397799,0.0737679083427384,-0.9579578237947582,-0.6588837087974733,-1.1493703520902336,-0.7771406859884991,-0.9370020197729492,-0.617279352204049,0.431294431377825,0.4420648978643321,0.1521621602219693,0.1415386514521306
2025-12-23,9.589176013436226,0.1611564907088835,2.6291760134362265,13.36815995541105,-0.4966031943842598,0.175325034596912,-0.7151189082645747,-0.5506199722223645,-1.2693486464309365,-0.96074905443494,-1.12061038821939,-0.8008877206504899,0.4238075962118852,0.4952844639888561,0.1427999050965526,0.1990148276700065
2025-12-24,9.61537832444947,0.1343939294649016,2.6553783244494698,13.12300197957359,-0.4657510474682752,-0.1034169106177904,-0.050594886007514,-0.3438342745408237,-1.207212651483408,-0.9661959748217468,-1.126057308606197,-0.8063346410372967,0.5013734118358908,0.5544012010433488,0.1991137630971454,0.2358666412369836
2025-12-25,9.79582948635084,0.1158838588339879,2.83582948635084,13.019901949029618,-0.2532772028777209,0.3253038585987612,0.9491854929014198,0.5965707358654572,-0.3940535834234877,-0.7974406411762471,-0.9573019749606972,-0.637579307391797,0.412690488430958,0.396521430297878,0.0775015066497622,0.037591873973836
2025-12-26,9.621820888596744,0.1236742636001438,2.6618208885967443,12.788171917364505,-0.4581651923317986,-0.15808872778682,-0.4400354046012667,-0.5901127070108466,-1.321405013712159,-0.93420079929264,-1.09406213307709,-0.7743394655081899,0.5046455572885328,0.5552142895071173,0.1483926263521365,0.1799119397883359
2025-12-27,9.751885899605082,0.1249347678314717,2.7918858996050817,12.968186812831128,-0.3050189745714552,-0.1193725527554095,0.6541143631775886,0.1222728807692636,-0.7990287041355717,-0.8343846934255552,-0.9942460272100052,-0.6745233596411051,0.511463082167421,0.505051206295602,0.1409150175396327,0.1163114821932805
2025-12-28,9.92163648813616,0.1267251592284541,2.9616364881361585,12.846008041061491,-0.1051446163979084,0.364900671436601,1.2673046467382547,0.8773488065462488,-0.0803538556214198,-0.6587443910225601,-0.8186057248070102,-0.4988830572381099,0.4021244981059948,0.3374376841592807,0.0244758684589864,-0.0506432102199667
2025-12-29,9.84225777806789,0.1410710464439205,2.8822577780678893,13.053203662140689,-0.1986097929538929,0.0902680019210071,0.4441161841177945,0.1966890036588832,-0.589128800878443,-0.7054061735263011,-0.8652675073107512,-0.545544839741851,0.4515690731978012,0.413164544660567,0.0726016064581842,0.0302532874465093
2025-12-30,9.648859811309377,0.0900746485238773,2.688859811309375,13.210996672704104,-0.4263279694410996,-0.4170863416398281,-0.1109846148116525,-0.5558831056438446,-1.3328178606885324,-0.8943056699908809,-1.054167003775331,-0.7344443362064308,0.5699779132144417,0.6021493168445146,0.1558341578489792,0.1813041140056724
2025-12-31,9.94107145536888,0.1295311046071633,2.9810714553688813,13.0810619340604,-0.0822607393204913,0.6865817298455955,-0.0126313557500136,0.3861652578064171,-0.1613489368249094,-0.6513021675779165,-0.8111635013623666,-0.4914408337934663,0.3059767193754022,0.2523789215985794,-0.1013878872677612,-0.1542650858729235
2026-01-01,9.86378092502984,0.1402519693293717,2.90378092502984,13.180519199344662,-0.1732671698612656,0.0463795041853078,0.1837498343932089,0.0382420386219466,-0.6065582098929935,-0.6846423226484373,-0.8445036564328874,-0.5247809888639872,0.454197130889295,0.4070571512764127,0.0591512258740302,0.0202981914102328
2026-01-02,9.65482998031642,0.1272567817473235,2.6948299803164213,13.311794482599286,-0.4192983402139084,-0.300436379057203,-0.98424912808917,-0.9611022132368464,-1.4505670889514208,-0.8861804828387403,-1.0460418166231904,-0.7263191490542902,0.5227933609547711,0.5585724633524178,0.1283549538550202,0.1755137188695179
2026-01-03,9.846241709501982,0.1226560992955226,2.8862417095019817,13.3119366398695,-0.1939188770325566,0.1580028866450767,-0.1791178108250742,-0.102566665692341,-0.5812666913567113,-0.7393881987232884,-0.8992495325077385,-0.5795268649388383,0.4216975407667261,0.3858048718309903,0.0257093085527791,0.0010557822926271
2026-01-04,10.056990356799709,0.1738312934756488,3.096990356799709,13.207229358582463,0.054229014406799,0.6800519979845416,0.7001977979677633,0.8497592160737374,0.3661972404970612,-0.5176379808038432,-0.6774993145882933,-0.357776647019393,0.3141675774818002,0.2224713855313003,-0.0536606492102592,-0.1297548197180531
2026-01-05,10.307109000565903,0.2050399012047388,3.347109000565905,13.04862585161644,0.3487334625068669,1.5556846168805918,-0.929831458563836,0.6634285327224779,0.9245443649402862,-0.2493928691123981,-0.4092542028968483,-0.089531535327948,0.1398459158696863,0.0684183023404646,-0.1867470896168912,-0.2340380981832498
2026-01-06,10.433365318403048,0.2477893279028378,3.473365318403048,13.662641341398365,0.4973951002156182,2.0663994701436126,-0.9684077374266252,1.047154172895553,1.3232874348467971,-0.0873904849919736,-0.2472518187764237,0.0724708487924765,0.0885800202104618,0.0357570447271246,-0.1869837717073614,-0.2105524770008708
2026-01-07,10.568177340722144,0.2422690574617501,3.608177340722144,13.765329486951051,0.6561307291655831,2.007762556646363,-0.4581760010447516,1.3773754330307202,1.6151880212011975,0.0645907189404541,-0.095270614843996,0.2244520527249043,0.0937667060303372,0.030220260610195,-0.1460449904868311,-0.1760358717659661
2026-01-08,10.057909997090569,0.238472746828075,3.097909997090569,13.71464264368941,0.0553118531437764,0.9276531850448708,-1.8260991553343373,-0.3900804117081961,-0.2613350362957434,-0.3882522281344135,-0.5481135619188637,-0.2283908943499634,0.2237985343390327,0.1596157686072085,0.0083983486100769,-0.0190883532448409
2026-01-09,10.149831214121754,0.1733850417420321,3.189831214121754,13.817025795878644,0.163545317402287,0.5581754302614449,-0.1676613945850653,0.3505032176069703,0.0819706958146147,-0.3756014883147058,-0.535462822099156,-0.2157401545302557,0.3155882851730227,0.1982198544244333,0.0904901006156712,0.0147726226458628
2026-01-10,10.505258874130856,0.1688020156794654,3.545258874130856,13.2710508967236,0.5820468144291394,1.6321796082379405,-0.3113077730684084,1.1796763901641587,1.174671777633592,-0.0414539351642951,-0.2013152689487453,0.118407398620155,0.1314935932197736,0.0467404787483803,-0.1016495629188583,-0.1365911418466514
2026-01-11,10.490139114632246,0.2050515235586816,3.530139114632246,13.611492606550424,0.5642439175339111,1.7417725364320824,-0.4717326244082108,1.1511410213182476,1.0876159139193635,-0.0009594166343013,-0.1608207504187515,0.1589019171501487,0.1191956208170507,0.0434689169782999,-0.0940110937603678,-0.1138576543286162
2026-01-12,9.694158678557994,0.09734254479755,2.7341586785579937,13.500492252422006,-0.3729904105221285,-0.5266719780950982,-1.135798165268668,-1.1642169730133642,-1.5647362323604304,-0.738954186586104,-0.8988155203705541,-0.5790928528016539,0.5686087076007543,0.583840266674636,0.2897045853523824,0.3513297927309869
2026-01-13,9.960333607659583,0.1270561332630076,3.000333607659585,13.691337290970443,-0.0595803447518402,0.2566180007969803,-0.9620345825962984,-0.4009461543084262,-0.7015045267328925,-0.6102593662904346,-0.7701207000748849,-0.4503980325059845,0.3746264018114378,0.302982554012484,0.0766051398694885,0.0511894146353766
2026-01-14,9.620808113466914,0.1286277653555789,2.6608081134669144,13.675729702344825,-0.4593576935231085,-0.714769613795756,-1.812202620944,-1.7047161669859892,-2.002097335916055,-0.9075909420342188,-1.0674522758186689,-0.7477296082497686,0.6010469862115081,0.6430591485722246,0.2847526606951586,0.3729149398559868
2026-01-15,9.735420821912244,0.0930093298891136,2.7754208219122427,13.815410966800757,-0.3244059284819643,-0.4468155679393475,-0.915416316628553,-0.9653135477838896,-1.4735453804285743,-0.8479985804550645,-1.0078599142395146,-0.6881372466706144,0.5523990492010512,0.5516521901322282,0.1970004074633907,0.2320033673239784
2026-01-16,9.691887418979736,0.1014225646407869,2.731887418979736,13.813167648468731,-0.3756647255532467,-0.0746362319193098,-1.913838564285992,-1.3083271209831997,-1.6111060650529676,-0.879040106397269,-1.0389014401817191,-0.7191787726128189,0.4464900799597576,0.4746402265658647,0.0670776809766093,0.1261076232680406
2026-01-17,10.518595942154048,0.141889864275683,3.5585959421540485,13.802438307047892,0.5977506652029143,2.0286909636947925,0.6157348962697645,1.9537064824455,1.5447792151946134,-0.1090930054209493,-0.2689543392053994,0.0507683283635008,0.1020398031609177,0.0353921641228759,-0.2619157076353003,-0.2967932763816406
2026-01-18,10.115854494544529,0.2064189461506326,3.1558544945445286,13.236053006109804,0.1235391231551475,1.2035057774851363,-0.1467659185891811,0.7516265760885059,0.1190246210470941,-0.3601096463950046,-0.5199709801794548,-0.2002483126105544,0.2039025689941208,0.1327356783529097,-0.1122555247534447,-0.1440841442253305
2026-01-19,10.178148304305685,0.1585795811785548,3.218148304305683,13.479469944958346,0.1968875300852145,0.7687020803539907,0.0151811275470404,0.6036786903364723,0.0026651364526374,-0.3440310659494736,-0.5038923997339237,-0.1841697321650234,0.2766619080072378,0.1655951032016008,-0.0328080111837222,-0.0981846184250809
2026-01-20,9.695115553916512,0.1219553550293485,2.735115553916512,13.302771211716326,-0.3718637290196313,-0.6502123319650199,-1.1587086586303972,-1.2549781573586594,-2.0500028881363326,-0.7943007637842214,-0.9541620975686717,-0.6344394299997713,0.5959436957851946,0.6081939726876056,0.2613118916507029,0.3157887478254126
2026-01-21,9.61698458391236,0.0968449896421275,2.656984583912359,13.709478501360918,-0.4638597428078122,-0.8067548550295822,-1.7766657910074557,-1.7460534172853115,-2.494163230668468,-0.941306474941464,-1.1011678087259142,-0.781445141157014,0.6223844109031748,0.6630656052007196,0.2560160609610233,0.3332163852546188
2026-01-22,9.586059360844317,0.0795417282576606,2.626059360844317,13.702066110523443,-0.5002729250276021,-0.8662679708477654,-0.9982917486958598,-1.372727143479946,-2.395135391864836,-0.9931482994064174,-1.1530096331908677,-0.8332869656219672,0.6537506539161839,0.7003439812026198,0.2454666623209714,0.3168574754157507
2026-01-23,9.640237404679166,0.083209117405718,2.6802374046791657,13.454254736080712,-0.4364804997270781,-0.2968340777885194,-0.5669384081090111,-0.7370775569302036,-1.7937735824681602,-0.9494889167713813,-1.1093502505558313,-0.789627582986931,0.532583604782449,0.5728622914770275,0.0914061400682257,0.1465415665076619
2026-01-24,9.616323965832631,0.0808337156540092,2.656323965832631,13.4072845808515,-0.4646375935111648,-0.6967912923314421,-0.9505081195695864,-1.2192124011855725,-2.084757453787357,-0.9659517388020492,-1.1258130725864994,-0.8060904050175992,0.6162724578560685,0.6569357517123214,0.1462944056160679,0.1931907680383804
2026-01-25,9.638152410085004,0.090017729810357,2.678152410085004,13.272753165948204,-0.4389354953763397,-0.1444847095458143,-0.5325439278213864,-0.6223243770111386,-1.587582962898001,-0.9465970258416518,-1.106458359626102,-0.7867356920572017,0.498179028285028,0.5426533747329847,0.0134516121008894,0.0575177470034093
2026-01-26,9.441187958518434,0.0671978097022663,2.4811879585184338,13.582600009723752,-0.6708530614981538,-0.7114928340861068,-1.7993779746749583,-1.8090391744599288,-2.545851490909046,-1.129052671032688,-1.288914004817138,-0.969191337248238,0.6129521328475188,0.7187381320143256,0.0986258286887411,0.1900265187078023
2026-01-27,9.294667788916026,0.0611972912274941,2.3346677889160263,13.874298418173725,-0.8433745538368915,-0.9781092847967208,-1.0117804860189472,-1.6355667501842168,-2.72269172399551,-1.294394305730194,-1.4542556395146442,-1.134532971945744,0.6947123771120448,0.8194642679562938,0.153115622630552,0.2396845824163589
2026-01-28,9.103055486067234,0.0937593923925144,2.143055486067234,13.555029182805804,-1.0689901842831224,-0.492016751719558,-1.3735665297273731,-1.6472685357282502,-2.8442329160762907,-1.498454958151776,-1.6583162919362262,-1.338593624367326,0.5968744043635275,0.8094857190692288,0.0535423892119681,0.2045235908864943
2026-01-29,9.01864625671826,0.0826722965468849,2.0586462567182595,13.66765569848246,-1.1683785910394342,-0.5578881108182427,-0.9759492905658518,-1.5225120005221071,-2.821400336643649,-1.6097024064022567,-1.7695637401867068,-1.4498410726178066,0.6258866214458384,0.8453789019556356,0.0737474074228435,0.2040409516560102
2026-01-30,9.2560311808555,0.0750151221772088,2.2960311808555014,13.518297621447928,-0.8888675757163799,-0.3640602726188603,-0.4408834088118673,-0.9529254391968642,-2.0452943557723047,-1.406476527145747,-1.566337860930197,-1.2466151933612968,0.5781877880110561,0.7524888825388507,0.0141381027934941,0.0816506246551967
2026-01-31,9.20623081202443,0.0946457936407764,2.2462308120244296,13.471141858459426,-0.9475054681858608,-0.5975264720317134,-0.7794057819138199,-1.320445458797959,-2.2538241709646027,-1.420509888775303,-1.580371222559753,-1.2606485549908528,0.6260884697148719,0.799141751857023,0.0651328277387107,0.1173439772327443
2026-02-01,9.091443575366426,0.0807669983146403,2.1314435753664265,13.576221080893673,-1.082662733041724,-0.4630133963728014,-0.453630013185136,-1.1270140484493316,-2.2235970808632173,-1.528594523385283,-1.6884558571697328,-1.3687331896008326,0.6114847440013694,0.8200698611529867,0.0425762715229736,0.113876673827694
2026-02-02,9.188664459564697,0.0781900775039483,2.228664459564695,13.454976148440188,-0.9681891279818148,-0.8002825214882098,-0.4373503371930443,-1.2713842502635349,-2.1808683621791687,-1.4567636951420693,-1.6166250289265194,-1.2969023613576192,0.6770925823649074,0.8339857385316023,0.1033539912818966,0.1179252368070065
2026-02-03,9.183536703619746,0.0659451505090186,2.2235367036197458,13.434138285861373,-0.9742268503675588,-0.9926551984419943,-0.7514502819612238,-1.5709844787200524,-2.307378191614538,-1.4506405453908071,-1.6105018791752572,-1.290779211606357,0.7092537495859451,0.8535620734473404,0.1242347395476862,0.1239389398589344
2026-02-04,9.32102275677634,0.065309189931821,2.3610227567763404,13.26326710104781,-0.8123426597424546,-0.3249148366453503,0.1617723816366039,-0.5533952856525364,-1.4714815933818306,-1.3194192573577177,-1.4792805911421676,-1.1595579235732674,0.5782806500755684,0.7308215103913064,-0.0137738468065136,-0.0056093512358369
2026-02-05,9.257150334690104,0.0826046985527597,2.2971503346901025,13.444862309132136,-0.8875498179617586,-0.6790223156141704,-0.8256481620392762,-1.3657668115318362,-1.981936604259273,-1.359317968818124,-1.5191793026025742,-1.199456635033674,0.6392863605660645,0.7936190056147671,0.0479122728012347,0.0580869978973478
2026-02-06,9.288909038835165,0.0747361575541045,2.3289090388351648,13.617356843574044,-0.8501552459467356,-0.4590152958381543,-0.6886183179329386,-1.129732197621507,-1.762849246567545,-1.3356792930933177,-1.4955406268777678,-1.1758179593088676,0.5917703784693346,0.7519052689423917,-0.0010385966496104,0.0148107731908706
2026-02-07,9.11510346617514,0.0928272194482025,2.155103466175139,13.405567535533844,-1.054804181676632,-0.1914803194048209,-0.5668282537944036,-1.0017622612781527,-1.8709418905437287,-1.4923263226247625,-1.6521876564092126,-1.3324649888403124,0.5458687017117577,0.7740389462733231,-0.0428512501775142,0.0385908220621384
2026-02-08,9.198280580730298,0.0934359188051111,2.238280580730298,13.48372760989358,-0.9568665395729852,-0.6796849312172363,-0.8606204091964376,-1.4227451436338865,-2.035977861251718,-1.442169016767737,-1.6020303505521871,-1.282307682983287,0.6425920377053806,0.811509221486749,0.0579234725765682,0.077669840743521
2026-02-09,9.17508049013276,0.0724208472837562,2.2150804901327605,13.788465805471295,-0.9841836950413564,-0.7476877512217484,-0.5215845087411279,-1.2930868203506911,-2.000759993568899,-1.4552617691529286,-1.6151231029373787,-1.2954004353684785,0.665461319855816,0.8305433870657366,0.0778173840742741,0.0914848768079854
2026-02-10,9.198588391427617,0.0690034788177785,2.238588391427617,13.77618989463168,-0.9565041050972176,-0.5509832530002874,-0.7607816904996701,-1.2853230714482615,-1.890816041095904,-1.435422952792211,-1.5952842865766612,-1.275561619007761,0.6168359007055105,0.7954099621505413,0.0256361915175022,0.0506173093614968
2026-02-11,9.235818520440636,0.0724889687847844,2.2758185204406347,13.67961438810519,-0.9126671546301328,-0.3657683636133715,-0.5121755844485101,-1.006241527500532,-1.646139762044458,-1.396914028243946,-1.5567753620283962,-1.237052694459496,0.5783948406867135,0.7590230257996083,-0.015473201302901,0.0095546777212965
2026-02-12,9.234069863694714,0.0698530297106931,2.274069863694714,13.481871540876543,-0.9147261262530368,-0.83022677982159,-0.6686453541235708,-1.3897688537697557,-1.8951272601790448,-1.3935217725646578,-1.553383106349108,-1.2336604387802077,0.6756570292912719,0.8223906700913851,0.0774715047450319,0.0678741007948301
2026-02-13,9.258740878965463,0.0707051402873986,2.2987408789654653,13.590955004033606,-0.8856770172902808,-0.1264855272487932,-0.2816621739844901,-0.7117770417331166,-1.371642961884341,-1.3679818399876296,-1.5278431737720797,-1.2081205062031797,0.5270861255963508,0.714532100259708,-0.0740392690558011,-0.0447596210811286
2026-02-14,9.33541330998469,0.0895684324132643,2.375413309984689,13.375449706720424,-0.795398373356346,0.2276964663108796,0.5509245693661192,0.0230411957235182,-0.8381064165858516,-1.29084328403262,-1.4507046178170702,-1.13098195024817,0.458566925987968,0.6299932784558929,-0.1394048776407626,-0.1290927371115835
2026-02-15,9.061143967164162,0.1460749624624541,2.1011439671641616,12.93998715573487,-1.1183392794074465,-0.496155911564357,-0.848265035878314,-1.385673145936376,-1.9715897781917628,-1.5361310870991531,-1.6959924208836032,-1.376269753314703,0.6122435332366537,0.828253654911048,0.0334577376787421,0.0915530892910633
2026-02-16,9.095246036885989,0.0790269305265789,2.135246036885989,13.535279593141247,-1.0781854905044292,-0.0202128010721468,-0.3696843580235949,-0.7961203009251825,-1.5338914262666918,-1.542789262815624,-1.702650596600074,-1.3829279290311738,0.5121768251972543,0.7577170615893146,-0.0693179910184391,0.0137558236491145
2026-02-17,9.269882674988626,0.0993621137920795,2.309882674988626,13.219908373549073,-0.8725580092897749,-0.0149945654522628,0.4516894640399921,-0.2278663905924522,-1.041159532951918,-1.380821073691292,-1.540682407475742,-1.220959739906842,0.5172829808293037,0.7023538628407098,-0.0606219875011229,-0.0426305654237183
2026-02-18,9.169336428109126,0.0966994927693286,2.2093364281091263,13.269021966206791,-0.99094709256603,-0.5550632798431192,-0.0422237776624052,-0.9087363893144024,-1.558904899647671,-1.4495612401832374,-1.6094225739676875,-1.2896999063987873,0.6351845634715382,0.8137863137243604,0.0606693101174238,0.0678674079930568
2026-02-19,9.2746855825108,0.0790338851147528,2.3146855825108004,13.592867819615748,-0.8669027826029715,-0.0536782644317824,-1.0365380949921612,-1.0730980012203504,-1.348182249955499,-1.3630772193012946,-1.5229385530857449,-1.2032158855168444,0.491674004273852,0.682526561096801,-0.0867629519923162,-0.0710439777374773
2026-02-20,9.1164722953973,0.0995530173934872,2.156472295397301,13.55722529840619,-1.0531924413899183,-0.7598091538301269,-0.50955458778665,-1.331185957279411,-1.7742233241703778,-1.496762634160156,-1.656623967944606,-1.3369013003757058,0.6719444142149748,0.8475281051492505,0.1021902160394311,0.100497918471605
2026-02-21,9.165522015000349,0.085113646111968,2.2055220150003487,13.17336583645373,-0.9954384076096068,-0.6214941027226455,-0.8891054993609326,-1.4221473021514084,-1.677133191459053,-1.4731879283893898,-1.63304926217384,-1.3133265946049395,0.6316676194167611,0.8134080215283469,0.0575579768987321,0.0633882309148559
2026-02-22,9.002518157737324,0.0736768155827079,2.042518157737324,13.680775039173714,-1.187368766332899,-0.9192506097293776,-1.4445826149258183,-2.0222215668301606,-2.189522855014232,-1.6219545956771757,-1.7818159294616256,-1.4620932618927254,0.6925156789950726,0.8808281993882272,0.1083325221012398,0.1165709198672511
2026-02-23,9.00965778230305,0.055470786285127,2.0496577823030497,13.63315162154082,-1.1789621511333688,-0.6241676102301972,-1.578253301110434,-1.9037398459465888,-2.0194280919686403,-1.6390624402206933,-1.7989237740051434,-1.4792011064362431,0.6279270879227837,0.8488307449934116,0.0308742869647691,0.0723984054512593
2026-02-24,9.216173398093089,0.0758948278041698,2.256173398093087,13.977320667112584,-0.9357984807388376,-0.2343833502392714,-0.5694921626257262,-0.96669350314713,-1.1605312557202885,-1.4481026872221885,-1.6079640210066384,-1.2882413534377382,0.5484679644627315,0.7445539929680364,-0.0491125145621961,-0.0356745384134274
2026-02-25,9.161002561972438,0.1008056149760741,2.2010025619724383,13.481336352487013,-1.0007598782511282,-0.3613113963639779,-0.4909498036145595,-1.038934347348598,-1.3030639887768185,-1.4683628317794215,-1.6282241655638716,-1.3085014979949714,0.5831127950193258,0.784408436064134,-0.0046343192027005,0.0152073593400109
2026-02-26,9.16734458410539,0.0812971789722712,2.20734458410539,13.526286223414427,-0.993292407214266,-0.3668946261364075,-0.8102799117397995,-1.2152092124299945,-1.3417635895533877,-1.466184159095217,-1.626045492879667,-1.3063228253107668,0.5767687623332584,0.7788311481729765,-0.0121313889114056,0.0078235849896602
2026-02-27,9.029073441319142,0.0778273279181474,2.0690734413191416,13.584922211279396,-1.156101008689392,-0.6503422558047968,-1.5976905077389796,-1.918899003410868,-1.94138031850557,-1.5957407155108625,-1.7556020492953124,-1.4358793817264122,0.6318754814489472,0.8465992397153983,0.0393750616734648,0.0696333064490869
2026-02-28,9.276615867929216,0.1159244399505718,2.316615867929216,13.194152920352655,-0.864629950665031,-0.193696532653128,-0.0977464472043128,-0.6415057196480219,-0.7659493597396945,-1.3842887672602406,-1.5441501010446907,-1.2244274334757903,0.5455455486668221,0.7219138773224529,-0.0201541995986535,-0.023115527480334
2026-03-01,9.271607055852757,0.085230774722168,2.311607055852755,13.08587275091756,-0.8705276215223626,-0.0735766100711757,0.7160861193302093,-0.1177646425038589,-0.4233358963271859,-1.3531969140801237,-1.5130582478645738,-1.1933355802956735,0.5367944734360708,0.7161774186299591,-0.0349708427904041,-0.0348869448906453
2026-03-02,9.182618170905824,0.0998474799751581,2.2226181709058226,13.18054777089772,-0.9753083849781042,-0.2780121275754718,-0.7562230009996351,-1.1190287891164126,-1.1006555323361062,-1.4329691356234868,-1.592830469407937,-1.2731078018390367,0.5566317681743828,0.7609333448751101,-0.0092348407848685,0.0190535633995674
2026-03-03,9.116385421233186,0.0680286593931365,2.1563854212331863,13.46469835824212,-1.0532947321562984,-0.8250887751552751,-0.4823533579414569,-1.3577654521696143,-1.6001432950045005,-1.508353062692675,-1.6682143964771254,-1.3484917289082252,0.6857196546999271,0.854835241620436,0.10749111016895,0.1014548687914097
2026-03-04,9.110180859527135,0.0599051087061709,2.150180859527137,13.388496752870893,-1.0606003491763991,-0.7432256992076168,-0.8472509631070058,-1.5114900984975894,-1.5991961068717495,-1.5266551681818537,-1.6865165019663038,-1.3667938343974035,0.6620184743418119,0.8438461579770014,0.0686372670586199,0.0791615386804215
2026-03-05,9.265754568013628,0.057864001202567,2.3057545680136267,13.187962384044138,-0.8774186859992913,-0.6130176977750434,1.1553841554210793,-0.2219289781910917,-0.6515022766222636,-1.382539961007507,-1.5424012947919574,-1.2226786272230572,0.6661576165815429,0.8067755778088964,0.0604283222020464,0.0338809007756013
2026-03-06,9.386671597902591,0.0835370435767853,2.426671597902593,13.284725228037454,-0.7350438409372126,-0.5192501829871924,-0.8774427765528217,-1.210819248936251,-0.767417600397637,-1.2491250383528436,-1.4089863721372935,-1.0892637045683935,0.5942824526416761,0.7219010231827364,-0.0075456076016567,-0.0373655182939125
2026-03-07,9.511585988955847,0.0803393695603111,2.551585988955847,13.504926994067024,-0.5879622669971153,-0.2761901581974889,-0.6325365105142381,-0.8415315721879285,-0.2072697701294397,-1.110615966580537,-1.2704773003649872,-0.950754632796087,0.5355345067004108,0.6277353177600278,-0.0612656659183028,-0.1122851533983426
2026-03-08,9.518118166765117,0.0874256201246491,2.558118166765115,13.55767692802698,-0.5802708954478271,-0.3935995068745106,-0.4063590114493703,-0.7870120716718203,-0.2269324402596381,-1.0819719105925742,-1.2418332443770244,-0.922110576808124,0.5671969097567209,0.6518277862963376,-0.0188189638196849,-0.0613877031643285
2026-03-09,9.38348951910512,0.0839068514029881,2.423489519105119,13.66439932806942,-0.7387906082551142,-0.6245903503435356,-1.2294755806351063,-1.4747494751019392,-0.9001868441459597,-1.20375754544356,-1.3636188792280102,-1.04389621165911,0.6101847423579451,0.7353530374577356,0.0280909030606162,0.0330826875583029
2026-03-10,9.234826298620932,0.0644570416920263,2.2748262986209324,13.821719049015613,-0.9138354551414588,-0.512017086963865,-1.2944799067819428,-1.5329684225688052,-1.1178272952024515,-1.361366419526651,-1.5212277533111012,-1.201505085742201,0.5939562288124474,0.7706714393226278,0.0039080678973389,0.0587175510175564
2026-03-11,9.398008475889178,0.0709101621651191,2.438008475889178,13.853064855113294,-0.7216951319231899,-0.3545714606197724,-0.2069253273739637,-0.7276826939016796,-0.1995324125988652,-1.2339551379412588,-1.3938164717257089,-1.0740938041568089,0.5712957352308936,0.6994137128061393,-0.0224391842605907,-0.0205028444688759
2026-03-12,9.44508058182124,0.0706458097792245,2.485080581821241,13.528033635259463,-0.6662696571577468,-0.2971880157893523,0.1968716626786124,-0.4379142609566261,0.1754478943996741,-1.1688847259793411,-1.3287460597637912,-1.009023392194891,0.5640038754562249,0.6759824052065693,-0.0344019429833274,-0.0497048241947505
2026-03-13,9.359710465546591,0.0625186092520552,2.3997104655465917,13.42476752025821,-0.7667894688724073,-0.5544825502040114,0.2908039062154998,-0.6037560806698113,-0.2467711522027639,-1.2379674267798744,-1.3978287605643245,-1.0781060929954245,0.6294306890400202,0.7554767426386848,0.0204395684624659,0.0177934873393637
2026-03-14,9.419657805042366,0.0650303829616332,2.459657805042366,13.31044804640834,-0.6962039344738852,-0.5381829976533626,0.582682397631187,-0.3939578552537591,0.1269947110284972,-1.1932112845723866,-1.353072618356837,-1.0333499507879365,0.6281350924522691,0.7349366150347925,0.0108777856037076,-0.0083744939230753
2026-03-15,9.343138577710985,0.0698540483649565,2.383138577710983,13.39858185716461,-0.7863021873467816,-0.622306927710423,-0.3924506020273765,-1.0355604347188851,-0.4598955241257632,-1.2583008381357343,-1.4181621719201845,-1.0984395043512842,0.6305709519510454,0.7621484047791038,0.0111653112786515,0.0179462704103928
2026-03-16,9.382034776973304,0.076952237667224,2.4220347769733044,13.627144889802146,-0.7405035074704899,-0.6739483016681821,-0.2269168506159942,-0.9522615007039444,-0.3202705550098012,-1.2327373159107822,-1.3925986496952325,-1.072875982126332,0.6426042091313443,0.7586337493996562,0.0259214878105281,0.0165306163219529
2026-03-17,9.265531106179848,0.0544571277151467,2.305531106179848,13.68497396040564,-0.8776818031465674,-0.8722038427240555,-1.0353687683382882,-1.5995792315543331,-1.1845983914710447,-1.3381143583773871,-1.4979756921618372,-1.178253024592937,0.6748177650582754,0.8142693135964957,0.0499674356740575,0.062924766600672
2026-03-18,9.28714939791164,0.055194767012143,2.327149397911641,13.69995339452274,-0.8522271509884131,-0.9610894648161922,-1.3033138728653728,-1.7908203837824472,-1.2412928602572906,-1.33576507342383,-1.49562640720828,-1.17590373963938,0.6860575568566154,0.8161010628980425,0.0543568807065216,0.0567294409836378
2026-03-19,9.403607455169308,0.0556340939313903,2.443607455169308,13.715551891735972,-0.7151025633805598,-0.5074654882437792,-0.1250570920441768,-0.7762190571404827,0.171400234987023,-1.2248394720856266,-1.3847008058700767,-1.0649781383011765,0.6071006664430884,0.725062104881493,-0.0304574653418605,-0.0407332591534657
2026-03-20,9.300411239742838,0.0546862521452875,2.3404112397428376,13.550258186553975,-0.836611875971418,-0.6753382224213593,-0.4254169332604018,-1.114582910484597,-0.5052868783285847,-1.3032635898080038,-1.463124923592454,-1.1434022560235535,0.6441051563376771,0.7842292380454376,-0.00055686986522,0.0125605343960227
2026-03-21,9.484671332031622,0.0532313632242896,2.5246713320316223,13.29784391121717,-0.6196531720168985,-0.792565681324688,-0.0160516322154516,-0.8462543147960043,0.4118967503403406,-1.1448504066064125,-1.3047117403908626,-0.9849890728219624,0.6652419190918928,0.7430015044223477,0.0110419987611717,-0.0336393897790004
2026-03-22,9.420554926921405,0.0601895961729016,2.4605549269214047,13.391411555131793,-0.6951476102435663,-0.8388497912508042,-0.6792031042768834,-1.2832583043149084,-0.121449365073913,-1.1794368529525865,-1.3392981867370364,-1.0195755191681362,0.665337770736275,0.763934371175775,0.0096620679754109,-0.0075628523130498
2026-03-23,9.273948146246497,0.0444326903392162,2.3139481462464966,13.584406433468953,-0.8677710835690953,-1.1022074352941182,-1.1068231187434794,-1.7803012836727743,-1.2748771929331528,-1.3222342010038766,-1.482095534788327,-1.1623728672194265,0.7180446966790244,0.8390412905319956,0.0545776250699746,0.0603637395755045
2026-03-24,9.36201076258235,0.0506182836076355,2.402010762582351,13.40336352811279,-0.7640809634256249,-0.8019321665678006,-0.2909600054895139,-1.0818753700641546,-0.2584955765515256,-1.2621113759203113,-1.4219727097047614,-1.1022500421358612,0.6694037328434184,0.7838013995041797,0.0012556244053993,0.0008193944169991
2026-03-25,9.281259056383773,0.0392916737303499,2.3212590563837727,13.79489086330572,-0.8591627866318211,-1.0556449419667555,-0.973103174792934,-1.672019787179566,-1.1488163536235931,-1.3286560322343055,-1.4885173660187556,-1.1687946984498554,0.7113028238320533,0.8331019916398966,0.0359362086259845,0.0422288509605841
2026-03-26,9.26271840484439,0.0481498713731567,2.3027184048443905,13.717085924921038,-0.8809936436475243,-0.9165702562706308,-1.5017167855721785,-1.8877053584577432,-1.2007546153176896,-1.357031654509414,-1.5168929882938642,-1.197170320724964,0.6746200617811704,0.8152693071374763,-0.0037492374945067,0.0213807386560859
2026-03-27,9.31295956481479,0.0386453579137632,2.35295956481479,13.66311156113439,-0.8218367376840457,-1.2200677605256265,-1.1738516537767156,-1.8678130204912744,-1.2507413948928665,-1.3153394672282197,-1.4752008010126696,-1.1554781334437694,0.736312350666592,0.8415190527731782,0.0514015276883639,0.0428486280427566
2026-03-28,9.315868852868864,0.0333908647460464,2.355868852868864,13.905193849253385,-0.818411170282001,-1.2564170189237585,-1.3401379175907524,-1.98115407647464,-1.3050556068384895,-1.3061312887409389,-1.465992622525389,-1.1462699549564888,0.7397207002027362,0.8431303012050847,0.0490095118340977,0.0400964456923227
2026-03-29,9.288838319425889,0.0424726464240895,2.3288383194258886,13.925324250833556,-0.8502385151516427,-1.0046670419094417,-1.1682373749669257,-1.7427537433538527,-1.0756684134687438,-1.328920000413323,-1.4887813341977731,-1.169058666628873,0.6972416063310567,0.8226501823260652,0.0045130550282771,0.0172352308182253
2026-03-30,9.308395021645982,0.0340354543858731,2.348395021645982,13.714454759548952,-0.8272113001177654,-1.0971676854564645,-0.6682044339275124,-1.5125790646875743,-0.96137439222818,-1.3140907489479772,-1.4739520827324273,-1.154229415163527,0.7232333481990886,0.833940075648237,0.0260611899322811,0.02483840064628
2026-03-31,9.295877817933349,0.0510916912455918,2.335877817933347,13.61519835564684,-0.8419497942805262,-0.7230144287963682,-0.1305214967928265,-0.9846105081789174,-0.4256171786125923,-1.3217674691225056,-1.4816288029069558,-1.1619061353380555,0.660604511030874,0.7962314590145524,-0.036154438967522,-0.013273851163932
2026-04-01,9.251270645933934,0.0849773102523101,2.291270645933934,13.485421434874231,-0.8944729104032572,-0.4456244493680347,-0.5430232633598846,-1.0644115609004945,-0.424555442216618,-1.3642724562742805,-1.5241337900587306,-1.2044111224898304,0.5946205361983646,0.7653892135860894,-0.0909765151921986,-0.0360891584927335
2026-04-02,9.270427189874828,0.0741036981122559,2.3104271898748268,13.718657383586985,-0.8719168653365366,-0.4564635534023624,-0.2821783027477207,-0.9148505880413444,-0.2773591723763174,-1.353132463728679,-1.5129937975131291,-1.193271129944229,0.6014877483908856,0.7639782339079612,-0.0767847304275173,-0.0341241536623636
2026-04-03,9.268755972720232,0.0629627269849417,2.308755972720232,13.555600635192429,-0.8738846550156992,-0.963802510260662,-0.8679823389129664,-1.5632467998769788,-1.073954272914302,-1.3547534072523484,-1.5146147410367985,-1.1948920734678985,0.696282599274372,0.826715356787827,0.0206948955122943,0.0298578299991852
2026-04-04,9.256175990498228,0.0612894617844682,2.296175990498228,13.291220715853282,-0.8886970682993052,-0.9994013140258418,0.3146427884577223,-0.9393716811789292,-0.9127632078326272,-1.3653260222952464,-1.5251873560796965,-1.2054646885107962,0.726165676516034,0.8468312692463245,0.0510364236579095,0.0497084644993998
2026-04-05,9.205988222942572,0.0441399583578442,2.2459882229425725,13.247931263678815,-0.9477911068835272,-1.1308059219356974,-1.5370662277092222,-2.0795714276828328,-1.7658174345602478,-1.416183440541266,-1.576044774325716,-1.2563221067568158,0.7193686873199823,0.8550296973868726,0.0377796748412389,0.0518971724436829
2026-04-06,9.244032254240397,0.0451520155511626,2.284032254240395,13.6759868750307,-0.9029958198463074,-1.000136916436508,-0.3354795854316794,-1.3073106285638272,-1.1001343076600212,-1.3874035097368556,-1.5472648435213057,-1.2275421759524054,0.7149562133728767,0.8433569136918126,0.0303222967460183,0.036034621600086
2026-04-07,9.270034223316353,0.0467924635936135,2.310034223316351,13.528864762042746,-0.8723795673474024,-0.8437023794795311,0.2870754454940075,-0.8467014909897127,-0.604703737125265,-1.3574643573726737,-1.5173256911571238,-1.1976030235882236,0.6950929157604442,0.8247075220955287,0.0077258287901438,0.0142169483515465
2026-04-08,9.212636890791387,0.0472051857870538,2.252636890791387,13.833975418495571,-0.9399625730887964,-1.0604074154810377,-1.4108805222092395,-1.960696218932914,-1.568861677438074,-1.4084163603612434,-1.5682776941456935,-1.2485550265767933,0.7079847251230613,0.84706270447555,0.0190946928980668,0.0333991104800007
2026-04-09,9.285767720098558,0.0384497958617004,2.3257677200985585,13.747591669498776,-0.8538540199641392,-1.192993343652241,-1.4666105890065286,-2.029773107926036,-1.3465565424859047,-1.3492408785000674,-1.5091022122845177,-1.1893795447156172,0.7276261802058884,0.8424876773045648,0.0350262725433134,0.0258004503087956
2026-04-10,9.247870740037484,0.0397795479543441,2.2878707400374827,14.008670558905044,-0.8984761601992319,-1.0371594635860475,-1.0883999438572434,-1.745153506166062,-1.2613219627727603,-1.373936161027182,-1.533797494811632,-1.2140748272427315,0.7075573277510645,0.8386694335028364,0.0124540656072178,0.0197349864016156
2026-04-11,9.272265777499731,0.042951692753074,2.312265777499733,13.795514103003086,-0.8697520037908183,-1.0702157223805393,-0.5429441519747905,-1.4489211173943088,-1.0312739790683871,-1.3547358105428349,-1.514597144327285,-1.1948744767583848,0.7226127950575508,0.8417647291555117,0.0247627192774763,0.0194806504007283
2026-04-12,9.24195959803036,0.0504490168699139,2.281959598030359,13.65759591511747,-0.905436287554138,-0.9391347239297804,-1.164938994187366,-1.7288129711559233,-1.176682990158524,-1.3801840766640918,-1.540045410448542,-1.2203227428796417,0.6872118788819288,0.8278899164432022,-0.0108091307917466,0.004080518943154
2026-04-13,9.328574579697676,0.036081280968702,2.3685745796976763,13.664530866267048,-0.8034506978794419,-1.155192050511585,0.5002233585326467,-0.8901428867052688,-0.5774543260401153,-1.3024283533421608,-1.462289687126611,-1.142567019557711,0.7532912529181093,0.8474956697662951,0.051997872430509,0.0215773269927126
2026-04-14,9.31561644137016,0.0327768304618058,2.3556164413701586,13.474407639041027,-0.8187083744727839,-1.2037065456872258,-1.0201189048816226,-1.770632987880418,-1.0488995134070376,-1.3037480976886462,-1.4636094314730963,-1.143886763904196,0.7359598983941726,0.8405778738746094,0.0299680305662928,0.0121313397437594
2026-04-15,9.361155331512824,0.0306409427232254,2.4011553315128227,13.487485437268964,-0.7650881984370802,-1.1815309712879285,-0.9837954790214948,-1.7076288204656578,-0.7643471253248555,-1.2616142783247777,-1.4214756121092276,-1.1017529445403274,0.7300125840527645,0.8259930474078941,0.0197983142242055,-0.0037900306409298
2026-04-16,9.339200028579892,0.0395714052070257,2.379200028579892,13.64903848007417,-0.7909396674670205,-1.1321580433117926,-1.0736273354122563,-1.739771506194391,-0.8452345613888208,-1.2751136481007648,-1.4349749818852149,-1.1152523143163149,0.7204839622469738,0.8251304032451977,0.0087954868269696,-0.0048157971721159
2026-04-17,9.479165499370923,0.0443158907786898,2.519165499370925,13.548653727742895,-0.6261360642341843,-1.052372239667566,-0.5778684339742017,-1.326137743594653,0.1924596586226988,-1.146656540288961,-1.3065178740734111,-0.9867952065045108,0.7064130446152616,0.7771031093774453,-0.0053148291663507,-0.0502505171304106
2026-04-18,9.559253883601892,0.0438953418888031,2.599253883601892,13.481035856367996,-0.5318352754484632,-0.7116359962811575,-0.0832497687949022,-0.7847661083553416,1.221057840668913,-1.050016981749906,-1.2098783155343562,-0.890155647965456,0.6419536655365831,0.6988468141219057,-0.0696582494019519,-0.1234083915983896
2026-04-19,9.442029462959816,0.0410847425983872,2.482029462959816,13.454035755461105,-0.6698622245203445,-1.1265488096443823,0.0498000766675978,-1.0494806431286725,0.0022413546521578,-1.1438255562723407,-1.3036868900567908,-0.9839642224878906,0.7340857323246366,0.8074619698721865,0.0209391428652666,-0.0133164911640947
2026-04-20,9.452597778702165,0.0421614065269268,2.492597778702163,13.45984253719858,-0.6574184660376439,-1.201216339428535,-0.5331741358112443,-1.4129948598711906,-0.1835303378749562,-1.1501957535392997,-1.3100570873237496,-0.9903344197548494,0.7365499315114682,0.8070002699447116,0.0227551534130939,-0.0121779041548919
2026-04-21,9.48329372681604,0.0430577825707786,2.52329372681604,13.447744143918271,-0.621275245676046,-1.19347306386956,-1.2554365925378312,-1.7883860113456174,-0.1854174662375771,-1.123618082077959,-1.2834794158624094,-0.9637567482935092,0.720222876140172,0.7870875996489111,0.0064090265619363,-0.0282469230018188
2026-04-22,9.598508530264446,0.0396737187119882,2.6385085302644464,13.483296881359909,-0.4856145384548415,-0.9626511363010364,-0.1871175053381849,-0.9773222902402984,1.0399214927079117,-1.0105449264800743,-1.1704062602645249,-0.8506835926956244,0.6891679143645203,0.7251009762154086,-0.0252122902356509,-0.0865394719333183
2026-04-23,9.66139407503649,0.0605211605445857,2.7013940750364904,13.503640076164205,-0.4115693878107538,-0.7133759994491794,-1.2623370252735011,-1.3738695605388371,1.4280862435021888,-0.9345051207904028,-1.0943664545748528,-0.7746437870059526,0.6100363839342008,0.6344062490043827,-0.0985777208296835,-0.1655058836902428
2026-04-24,9.665730363878597,0.0616852571794778,2.705730363878595,13.532961040099291,-0.4064635854882361,-0.925031361885406,-1.5588242299500623,-1.6700234831446266,0.986052053548121,-0.9189375825487414,-1.0787989163331917,-0.7590762487642913,0.6492166237620636,0.6679820882054053,-0.0532178351239537,-0.1179657281705534
2026-04-25,9.77003258335121,0.0546092121557749,2.8100325833512096,13.80322628020938,-0.2836519984795188,-0.6009809482929643,-0.0720616759969692,-0.5748971170396768,2.2754848521145794,-0.8170577534066088,-0.9769190871910588,-0.6571964196221587,0.6037950329352212,0.5833460778312731,-0.0934838170754581,-0.1909580870004289
2026-04-26,9.671185918141813,0.0577412610457031,2.7111859181418128,13.458206649762062,-0.4000398940225536,-0.9933186522648476,-1.3156634677770966,-1.5754980038885569,0.8163471385065051,-0.8945915505133124,-1.0544528842977623,-0.7347302167288623,0.6681590365205606,0.6825236225954651,-0.024421152894141,-0.0791641118370821
2026-04-27,9.830761570550846,0.0614487490974577,2.8707615705508465,13.463719905137529,-0.2121461059574745,-0.6581318119140275,-0.7314293440043403,-0.937834678035487,2.163899937463225,-0.7576797481229453,-0.9175410819073956,-0.597818414338495,0.5977731005236598,0.5534451631559645,-0.0907279478102979,-0.1981350753922631
2026-04-28,10.110551039112504,0.0652753054014409,3.1505510391125044,13.560734152823574,0.117294521827101,-0.4616369525539406,-1.365106938589119,-0.9865688887274332,3.4944998553101105,-0.4760810481579561,-0.6359423819424063,-0.3162197143735059,0.518643766712208,0.3660931833278703,-0.1646648345741506,-0.3707704364890697
2026-04-29,10.184080166822106,0.1026850407370097,3.224080166822106,13.558839888641382,0.2038720549902738,-0.092360379648552,-1.2739689287473677,-0.654461860326052,3.9364048311258206,-0.3609926010903943,-0.5208539348748444,-0.2011312673059441,0.4301242874926856,0.2691272000162882,-0.2374257944747667,-0.4368345247075021
2026-04-30,9.684280841879882,0.1110989164809284,2.7242808418798825,13.918378803425997,-0.3846211582165268,0.3962874507879456,-1.6494527585537515,-0.8668699026246834,2.263819792149745,-0.8053055371846871,-0.9651668709691372,-0.645444203400237,0.3484330616550998,0.3856674073577727,-0.3018815883325455,-0.2965292254234944
2026-05-01,9.86253600066983,0.1020648289477785,2.902536000669831,13.495714979432178,-0.1747330172529276,0.0824195592431941,-0.3962537369439596,-0.2605803324766159,2.783741261586242,-0.7115264632019302,-0.8713877969863804,-0.5516651294174801,0.4328427477900221,0.3894277923914142,-0.2041580368802202,-0.2741701934787135
2026-05-02,9.867629513003632,0.0899666483772156,2.907629513003632,13.607856718240711,-0.1687356153153132,-0.1609195065705191,-1.153155908963697,-0.831242917446755,2.2277455825208,-0.6930008210734677,-0.8528621548579178,-0.5331394872890176,0.4712072259744752,0.422512786935016,-0.154597458203906,-0.2235066928617869
2026-05-03,9.833530387673488,0.1046451486650857,2.873530387673488,13.67641516815046,-0.208885937317844,-0.1357350886922254,-0.616262242589464,-0.539618127618972,2.1555567008964247,-0.7209055068230669,-0.8807668406075171,-0.5610441730386166,0.4801509244072536,0.4439629622325983,-0.1297860144334025,-0.1800208933042792
2026-05-04,10.042325315324934,0.1046200010460331,3.082325315324934,13.450634147477706,0.0369615293410703,-0.3528517691713522,-0.5837666430481901,-0.5279781530305901,2.5728682601341903,-0.5321839609855954,-0.6920452947700455,-0.3723226272011452,0.516276254025781,0.3901479731763737,-0.0846549229168425,-0.2187225514348768
2026-05-05,10.03029913711907,0.1074637967025104,3.0702991371190693,13.737459966595551,0.0228011975803478,-0.0989180495229224,-1.4967488343813444,-0.8791105003325969,2.5184728011634925,-0.5131112214762754,-0.6729725552607255,-0.3532498876918252,0.4374697032940152,0.3295641512852513,-0.1513349372681114,-0.2586941444617742
2026-05-06,9.973319248933205,0.1058236674282133,3.013319248933205,13.717733355685528,-0.0442902845670918,-0.168999429902178,-1.4078762361863486,-0.910570152062489,2.1377192551471293,-0.5629242015466409,-0.722785535331091,-0.4030628677621907,0.4596609895394621,0.3699854942854783,-0.1196786746189947,-0.2019245737320691
2026-05-07,10.204836419344565,0.1205140492552054,3.244836419344563,13.429529855324322,0.2283116913232848,-0.2959704820373282,-0.5040434746533745,-0.3449318025031181,2.87381456742526,-0.3554175673345497,-0.515278901119,-0.1955562335500996,0.4931928609827085,0.3086214976096014,-0.0751321626026381,-0.2451086965984991
2026-05-08,9.954770076215976,0.1203916127436406,2.994770076215977,13.336927242907413,-0.0661311749203369,-0.3795938283987838,-1.516864906881653,-1.1167432774949555,1.5521254147987995,-0.5550495130445906,-0.7149108468290408,-0.3951881792601404,0.5073243354396647,0.4192563096238385,-0.048708118305672,-0.1135753925351156
2026-05-09,9.783388784261078,0.0927312472654347,2.823388784261078,13.995543803872089,-0.2679256195161367,0.055823926631604,-0.9327220572721744,-0.624432486509833,1.6781556162271027,-0.7448883777790786,-0.9047497115635288,-0.5850270439946283,0.4323841554986491,0.4220507157504373,-0.1171324324099964,-0.1015598337925892
2026-05-10,9.992795512466968,0.1009461242369973,3.032795512466968,13.75134283187195,-0.0213577827883599,-0.2572839160279436,-0.75179155944243,-0.5913973917603933,1.966019212053263,-0.5820346892299723,-0.7418960230144225,-0.4221733554455221,0.4937819777273545,0.390771200252575,-0.0488552349009939,-0.124349891548947
2026-05-11,10.094767587551315,0.0843242289585988,3.134767587551317,13.732455269240528,0.0987101547397489,-0.489401105095105,-0.3586671699654389,-0.4572340623804756,2.0322690352741195,-0.4609285761820296,-0.6207899099664798,-0.3010672423975795,0.5492466427165638,0.3975320232126069,0.0078099020424271,-0.1125729114147262
2026-05-12,9.831387736870283,0.0957180125345247,2.871387736870285,13.52692738609691,-0.2114088207893304,-0.6725366725236256,-1.2976128464922545,-1.259956097019157,0.7011833742611959,-0.6871361287381428,-0.8469974625225929,-0.5272747949536927,0.588379082173993,0.5451904273253219,0.0496420283490866,0.0410044022685832
2026-05-13,9.998366759251528,0.0742646715936839,3.038366759251528,13.737213818078327,-0.0147978681222224,-0.460923268320267,-0.6588885329460618,-0.666165521054381,1.6193542884599792,-0.5678075961020725,-0.7276689298865227,-0.4079462623176224,0.5427224300725062,0.4317077592607837,0.0025208182183557,-0.0717061560089107
2026-05-14,10.062306704490066,0.0801945640330946,3.102306704490066,13.42949933158464,0.0604887958404462,-0.3858514673170227,-0.4488221011555789,-0.46168758955745,1.9243435864943983,-0.488599916690419,-0.6484612504748692,-0.3287385829059688,0.5255923171905074,0.3900266578442009,-0.01518565702718,-0.1098032254637532
2026-05-15,10.18881099126061,0.1027107179537806,3.2288109912606098,13.267654449909008,0.2094424068014814,-0.192454985218175,0.4455256322214839,0.236392178596589,2.7218552963607907,-0.3567719802903939,-0.516633314074844,-0.1969106465059437,0.4921578160966874,0.3124479488875624,-0.0442915479845456,-0.1774978342575645
2026-05-16,10.164760231422008,0.0822615800116253,3.204760231422008,13.402931076547528,0.1811236231794347,-0.2143531023827577,0.5128943886607462,0.244529990766197,2.5678677828150613,-0.3575673834430389,-0.5174287172274892,-0.1977060496585888,0.5005282270689454,0.3278776542689234,-0.0361093065139866,-0.155575557645672
2026-05-17,10.07406281454758,0.0869867015489977,3.114062814547581,13.105436806613376,0.0743311334293569,-0.6767172962121015,0.2870559939774084,-0.2322635677680945,1.5916446820616914,-0.4431931909768467,-0.6030545247612968,-0.2833318571923965,0.6075712781499407,0.4586606260567039,0.0711772650085823,-0.0193731626661744
2026-05-18,10.022984390090212,0.072877267395297,3.062984390090212,13.538872960520504,0.0141883828605503,-0.8372209353168532,-0.3381797862342395,-0.7127946409671654,1.0579092505094103,-0.5056782866012549,-0.6655396203857051,-0.3458169528168047,0.6326069371661902,0.5053502676828163,0.0944844466003949,0.0275191978617859
2026-05-19,10.118841997732703,0.0957292885067368,3.158841997732705,13.372097981072102,0.1270567856707558,-0.1966135976885806,0.198950054272809,0.0530658172098327,2.26053599043336,-0.4247878237862261,-0.5846491575706763,-0.2649264900017759,0.4924898632681641,0.3390278509358307,-0.0432864135296164,-0.1335780234065572
2026-05-20,9.995548725089945,0.0761494275786162,3.035548725089943,13.546395417166703,-0.018115987807297,-0.6687224448680155,-1.0311666352246869,-1.0063292267176855,0.9725178200907127,-0.5285932482431891,-0.6884545820276393,-0.3687319144587389,0.5819881077550535,0.4694888916564307,0.0450914752104275,-0.0013522437823299
2026-05-21,9.857545183840749,0.076898255844815,2.897545183840749,13.890275687161632,-0.1806094994442802,-0.1833868184519921,-1.5526640094819724,-1.0730248913423046,1.078131326587893,-0.6730793313868473,-0.8329406651712974,-0.5132179976023972,0.4679691710447211,0.4243438632828711,-0.0691406855455445,-0.0450905795799327
2026-05-22,9.928723859492884,0.0719220694533249,2.968723859492884,14.077547741132918,-0.0967995272095803,-0.464048080525532,-0.4991333315961779,-0.623752220416398,1.1515180363994098,-0.629946535269623,-0.7898078690540731,-0.4700852014851728,0.5520592329470438,0.4691621414794707,0.0136958018003542,-0.0021440416627321
2026-05-23,9.94342927503034,0.0618303262050656,2.98342927503034,13.76095920700107,-0.079484503340392,-0.7376787314584787,-0.6621895541422974,-0.8789829356427723,0.7740667259832938,-0.6101016498988894,-0.7699629836833395,-0.4502403161144392,0.6092151753731986,0.5167831942997305,0.0659536344127431,0.0414632810843533
2026-05-24,9.948723700702198,0.0638698629263938,2.988723700702198,13.500903773378742,-0.0732505341847185,-0.9279959013173408,-1.0809825246761449,-1.228627976856119,0.4154119433266579,-0.6029053613686726,-0.7627666951531227,-0.4430440275842224,0.6412470364289218,0.5462433268758934,0.0935928076055498,0.0675535954860546
2026-05-25,9.971114793061265,0.0694855933495603,3.0111147930612647,13.579869607097818,-0.0468859409729915,-0.8809308695743657,-0.8242601362650885,-1.0424236691644455,0.5869438213433749,-0.580534273661578,-0.7403956074460281,-0.4206729398771278,0.6351162590668652,0.5304313780011629,0.0855569247820319,0.0515229824307632
2026-05-26,9.837449571305736,0.0576110324941187,2.8774495713057364,13.926705829182987,-0.2042712592785005,-0.7269434503257284,-1.956248071296237,-1.6552864025763228,0.1375766705967602,-0.7019384699740765,-0.8617998037585266,-0.5420771361896264,0.5855101333877986,0.5409045838262825,0.0327525060152513,0.0592067310244014
2026-05-27,9.993791811119085,0.075031773562694,3.0337918111190847,13.730259166190873,-0.0201846819740166,-0.6254368410978356,-0.3156167249951486,-0.5838636912626335,1.0967812611650314,-0.5744249008733586,-0.7342862346578087,-0.4145635670889084,0.5883401284482077,0.475157975093854,0.0352797080185112,-0.0073457684008402
2026-05-28,9.968691581459282,0.0613742491770997,3.0086915814592823,13.60817304349085,-0.0497391732819697,-0.8554537903921994,-1.227435207769945,-1.2508565360659731,0.4805283768073263,-0.5785745096009891,-0.7384358433854392,-0.4187131758165389,0.621079007572851,0.5183467074533955,0.0652537145870234,0.0349953440852242
2026-05-29,10.004404043717816,0.0614541095555031,3.044404043717816,13.729815870469002,-0.0076892131935268,-0.6168661431066617,-0.6213827010915047,-0.7409182366941162,1.0296036791213476,-0.544823790198085,-0.7046851239825351,-0.3849624564136348,0.5788199558039437,0.4622154405529449,0.020551240168173,-0.0220088359095181
2026-05-30,9.899366180874868,0.0603883096940981,2.939366180874868,13.841122413268668,-0.1313669901092272,-0.548139709728184,-0.882376883958946,-0.9079627270633384,0.7631757382154969,-0.6369426861269601,-0.7968040199114104,-0.47708135234251,0.564712848367945,0.4938143850128124,0.0025551285653533,0.0063339746614176
2026-05-31,9.866317711438407,0.0635846168360177,2.906317711438409,13.925260703097436,-0.1702802078741301,-0.8169761002952023,-1.407817443229471,-1.3908709238542225,0.1811816798211105,-0.6838847994428248,-0.8437461332272749,-0.5240234656583747,0.6156852999769427,0.5564766136085794,0.0507336624273306,0.0636233599649743
2026-06-01,9.918960946398656,0.0689061809041569,2.958960946398656,13.685510424272408,-0.1082949570958555,-0.7565816653388512,-0.6333157035537117,-0.8905054642714015,0.5900046494562661,-0.641605013977166,-0.8014663477616162,-0.4817436801927158,0.6156893446270991,0.5332802111362164,0.0500109254777322,0.0399995322300526
2026-06-02,9.905043923677429,0.0655895501192357,2.945043923677427,13.731883630412836,-0.1246816807482627,-0.8566348726401144,-0.9823252012210676,-1.1561788311462666,0.3258211469735443,-0.6482837153682746,-0.8081450491527247,-0.4884223815838244,0.6309145626376501,0.5543118370649817,0.0641141059412364,0.0610098162969683
2026-06-03,9.881654233683602,0.0523716404357959,2.9216542336836016,13.458038139418615,-0.1522220817321346,-0.8791538307229501,-0.3458496230990085,-0.8330586238897363,0.3909664947457189,-0.6703482239604917,-0.8302095577449418,-0.5104868901760415,0.6507672890859326,0.5824438242349873,0.0808024983051894,0.086320649936575
2026-06-04,9.873152110013264,0.0543839649995608,2.9131521100132654,13.521494179743728,-0.1622329837644976,-1.00402712035901,-1.1301180201894614,-1.35200358546221,0.0003567553168107,-0.6830804231572722,-0.8429417569417224,-0.5232190893728221,0.6612100704187037,0.5972417056835015,0.0877312283078219,0.0984547402207332
2026-06-05,9.899043958122494,0.0475637562497183,2.939043958122494,13.641847492662356,-0.1317463941889237,-0.8473618305087733,-0.669317649879944,-0.98083674286019,0.3857481701422854,-0.6602072822099165,-0.8200686159943666,-0.5003459484254664,0.6360070140470369,0.561312105128967,0.0577333364248058,0.0585234893929359
2026-06-06,9.92137174932704,0.044038836478034,2.96137174932704,13.421362391288694,-0.1054563354912798,-1.1866389861796431,-0.3002624757469289,-0.9785771129866316,0.0676088885022719,-0.6360930567651505,-0.7959543905496007,-0.4762317229807003,0.7111333178850179,0.6270607237288272,0.1248525653541078,0.1176068415694652
2026-06-07,9.92748506316572,0.0432989387105649,2.967485063165719,13.536575263688428,-0.0982581590938197,-1.0900907692032176,-1.1447699620732323,-1.3805941990949049,-0.0037894105443462,-0.6273001217558413,-0.7871614555402915,-0.4674387879713911,0.6751686651947084,0.5889435746930837,0.0825727578875695,0.0732385734741667
2026-06-08,9.925279019927562,0.0445221205235334,2.9652790199275616,13.680622551692082,-0.1008556845583576,-1.0237630572598904,-0.5449471904956128,-1.0077830017499632,0.2224840067539863,-0.6270273559732402,-0.7868886897576903,-0.46716602218879,0.6739018305571519,0.5877344924046225,0.0774780037829389,0.068698215428841
2026-06-09,9.851295918933864,0.0379479793659148,2.8912959189338627,13.821883390783892,-0.1879677526505226,-1.1140875943342547,-1.7218847449227557,-1.7634167173310988,-0.3867714826587028,-0.6972757142779391,-0.8571370480623892,-0.537414380493489,0.673218466163023,0.6186407564733645,0.0716873413830769,0.0942474403574843
2026-06-10,9.891072706297503,0.0365610293829368,2.9310727062975035,13.931788586250288,-0.141132216389287,-1.0864256266315109,-1.1284226566798572,-1.3922228029281654,-0.1056633874995503,-0.6710299197942311,-0.8308912535786812,-0.511168586009781,0.6770507788873051,0.6056322812867532,0.0712049416819838,0.0768320413918447
2026-06-11,9.780882792235396,0.0447977937439804,2.820882792235396,13.830498932046092,-0.2708763223800008,-0.8576634457236527,-0.6915556632502956,-1.074375054759214,0.0359441758580106,-0.7679301496188169,-0.927791483403267,-0.6080688158343668,0.6455782012153389,0.6188338363574415,0.0370046995722995,0.086192707857035
2026-06-12,9.81016036305809,0.0548915476183165,2.85016036305809,13.648032922999992,-0.2364031831249031,-0.6126713499757984,0.1259283637143437,-0.4474116991360448,0.6418850235364322,-0.7549953492969522,-0.9148566830814024,-0.595134015512502,0.6079802488122752,0.5703955584264596,-0.0022252898620787,0.0349713219237044
2026-06-13,9.805477159486884,0.0567046899131419,2.845477159486884,13.513959700962609,-0.2419174633173368,-0.8429692740302401,-0.6761926826653837,-1.0409716304717822,0.1073364393639385,-0.7587441010054297,-0.9186054347898798,-0.5988827672209796,0.6411432362928062,0.6047343076881436,0.0288232847367729,0.0659324405246781
2026-06-14,9.883521461310002,0.0559107944205122,2.923521461310002,13.315089076170848,-0.1500234977589053,-0.8104923152981673,-0.3479253455159027,-0.7892948603364016,0.4130110053082121,-0.6864652448046233,-0.8463265785890735,-0.5266039110201732,0.6359619514235976,0.5672730339590105,0.0212008393747754,0.0257987536334447
2026-06-15,9.957717079465528,0.0557926705435277,2.997717079465528,13.607281592050535,-0.0626611994219518,-0.8461465392664312,-0.5394866316874184,-0.8711330824804396,0.4948608622458723,-0.6061574351686372,-0.7660187689530873,-0.446296101384187,0.6345967382444682,0.5351585436118812,0.0191010660401604,-0.00698186524023
2026-06-16,9.830172126919411,0.0539938489272444,2.870172126919411,13.742453336766244,-0.2128401516661351,-0.9265570115702952,-1.3249161018966114,-1.437627820348416,-0.1336809538772214,-0.7125558228426716,-0.8724171566271217,-0.5526944890582215,0.643629952087491,0.5979795650019387,0.0270800265661604,0.0547038111135573
2026-06-17,9.88675558381415,0.0490116247192207,2.92675558381415,13.699400627248034,-0.1462154511102018,-0.9444821126708108,-0.4868410285118141,-0.9494731501253952,0.189557657567059,-0.6764144712426235,-0.8362758050270738,-0.5165531374581733,0.6612048180644889,0.5907895217507967,0.0427522777971157,0.0448664518518951
2026-06-18,9.954689145515326,0.0563047740090666,2.994689145515326,13.411986223668976,-0.0662264675021724,-0.8485235175907567,0.3595016276508305,-0.3770345496303574,0.6929006024497577,-0.6062348490707716,-0.7660961828552217,-0.4463735152863214,0.6542660294862208,0.554585168779756,0.0346136001726535,0.0080179434237435
2026-06-19,9.95324305052679,0.0333114456008374,2.9932430505267904,13.36907643001065,-0.0679291850608726,-1.0905101742186418,0.5833292417669643,-0.4082042692608145,0.4143574751497378,-0.5964214587541259,-0.756282792538576,-0.4365601249696757,0.7075960586788546,0.6094305724943281,0.0829997524108795,0.0577175797902742
2026-06-20,9.907231595548314,0.0532850930476087,2.947231595548314,13.073063307549049,-0.1221057868154542,-0.8543123552025943,-0.3988563155896418,-0.8304086364572695,0.3575645938163305,-0.6381700497188427,-0.7980313835032928,-0.4783087159343925,0.642694111479323,0.5640351874332556,0.0155467227088559,0.0135159015458501
2026-06-21,9.900293982709169,0.0491578829629187,2.9402939827091688,13.52891626597273,-0.1302745414894734,-1.0525952554385394,-0.2093378413077977,-0.8562000562238216,0.1076189711343226,-0.6516377359678671,-0.8114990697523172,-0.4917764021834169,0.687999079707458,0.6116438871587265,0.0585748165890747,0.058880253948104
2026-06-22,9.908380194919255,0.0405573005018375,2.948380194919257,13.41250369411648,-0.1207533581490657,-1.117071657418217,-0.473765638762745,-1.0384990146789712,-0.032417152767495,-0.6468021908306741,-0.8066635246151244,-0.486940857046224,0.6950886353174005,0.6159553219760546,0.0632100585884404,0.0609264509959143
2026-06-23,9.792046304440504,0.042214063075468,2.832046304440504,13.858769069161898,-0.2577317444656209,-0.8762140253329058,-1.112802597318712,-1.3122660625080975,-0.1571934222309642,-0.7541807289089102,-0.9140420626933604,-0.5943193951244601,0.6398913504887457,0.6095727207542215,0.0052625993962509,0.0506005650290034
2026-06-24,9.966287639980608,0.0436891723141624,3.0062876399806084,13.802224786707926,-0.0525697158108325,-0.6938155805562825,-0.2692224322311828,-0.6191209647673742,0.7269099989320527,-0.6085612881251614,-0.7684226219096115,-0.4486999543407112,0.6065536435925657,0.5040010288976878,-0.0301692176555434,-0.057647171045376
2026-06-25,9.980589872937006,0.063973793365904,3.0205898729370064,13.649050605852056,-0.0357294229002412,-0.5115965820918004,0.4797169388627311,-0.0795376373927189,1.1868013086494886,-0.5702186454939968,-0.7300799792784469,-0.4103573117095466,0.5813596206304589,0.4730408300756455,-0.0534884196385985,-0.0858487508680282
2026-06-26,10.076410308494973,0.0547417292635551,3.116410308494971,13.330754719957776,0.0770952113044975,-0.601105610683981,0.741266538252358,0.0687523996963413,1.354891411043003,-0.4749480107859586,-0.6348093445704088,-0.3150866770015085,0.6006075331911261,0.4504341243413264,-0.0349393614066596,-0.108045688180555
2026-06-27,9.888174520001217,0.0760984885342871,2.9281745200012166,13.192139743116318,-0.1445447119267128,-0.9383611799702152,-0.4224391286764942,-0.909036012238616,0.130066137708653,-0.6362743779874211,-0.7961357117718713,-0.476413044202971,0.6611673940027941,0.5900820672946288,0.0303812334703252,0.0387702888244091
2026-06-28,9.883558893898655,0.0504603390952807,2.9235588938986554,13.513804642437291,-0.1499794224205123,-0.6521911469820405,0.0248223929261464,-0.482155152565507,0.6047472808581251,-0.6656468424942047,-0.8255081762786549,-0.5057855087097545,0.609470860049828,0.5412862313259248,-0.0234103953904759,-0.0124052332326205
2026-06-29,9.984815049378945,0.0513407463643944,3.0248150493789447,13.566477511392591,-0.0307544508732793,-0.7506073667448286,0.5596016586561746,-0.1848902168559741,0.8447246506193675,-0.5760568363879603,-0.7359181701724105,-0.4161955026035102,0.6356646505127218,0.5232013991143668,0.0018856715298104,-0.0311686750953743
2026-06-30,9.945332633217976,0.0671450426919385,2.9853326332179764,13.166514977044718,-0.0772433771126702,-0.7271274928844663,-0.372953387377672,-0.7109881351675623,0.5429609101551327,-0.5991734629048071,-0.7590347966892572,-0.4393121291203569,0.6130835823783493,0.5192740433424968,-0.0192495619305957,-0.0313819109332691
2026-07-01,10.080795575861789,0.0856971653504364,3.1207955758617887,13.308943265302709,0.0822586838317319,-0.3704083784512381,-0.0412985571133701,-0.2146324820033158,1.4068686218951014,-0.4760237665434985,-0.6358851003279486,-0.3161624327590484,0.5300392744905039,0.3859068822924832,-0.0966471591341018,-0.1557283997350335
2026-07-02,10.018703595176524,0.0667390913127552,3.0587035951765253,13.655943484835438,0.009147922363478,-0.8573174721816054,-0.8736845214852363,-1.0246636094747417,0.3839084358975497,-0.5157028319279722,-0.6755641657124223,-0.355841498143522,0.6257481108993865,0.5012219820882295,0.0012530116905098,-0.0363161382509482
2026-07-03,10.10011094644943,0.0712305108390052,3.14011094644943,13.562320127418404,0.1050017407630615,-0.3209860446758239,-0.1037649558365786,-0.205518634612028,1.4697272376915995,-0.4444584421808797,-0.6043197759653299,-0.2845971083964296,0.5157590508744381,0.3660590873855666,-0.105609514260249,-0.1664928145504201
2026-07-04,9.983965775344297,0.0634010306342164,3.023965775344297,13.250745447870786,-0.0317544362286034,-0.8874892852545269,-0.0875414626393902,-0.6307586867788245,0.4163060483698095,-0.5418975038136057,-0.7017588375980559,-0.3820361700291555,0.6512306897748136,0.5399162703686479,0.0300827576552297,0.0103878387443636
2026-07-05,9.964975261507792,0.0593332872031092,3.0049752615077923,13.407342281182624,-0.0541149876546876,-0.9742088021469936,-0.3217855636731758,-0.8276310567080661,0.1811144639969771,-0.575887104500647,-0.7357484382850972,-0.4160257707161968,0.6657318161628836,0.5627652577347264,0.0438610175760114,0.0325602751681596
2026-07-06,10.081641370964553,0.0529201283837213,3.121641370964551,13.478391926775569,0.0832545728873978,-0.7765134195933421,-0.360450193331183,-0.6493861085656539,0.7036341273398121,-0.4727699231373994,-0.6326312569218495,-0.3129085893529492,0.6149213242498515,0.4634190972600211,-0.0081610982658504,-0.0655486484365254
2026-07-07,10.13710505348136,0.060910420261666,3.17710505348136,13.298458678217155,0.1485607850243827,-1.0607798405516904,-0.2501583761775757,-0.7343559711476744,0.4626107642391395,-0.4050200422417354,-0.5648813760261855,-0.2451587084572852,0.6740083403761145,0.4986987737100672,0.0511560066596374,-0.0261196669181183
2026-07-08,10.313465429704856,0.0665646760117804,3.353465429704856,13.09721943565513,0.3562178972026013,-0.832889580032691,-1.113725721242672,-0.9556812010250494,0.9398887495605844,-0.2308706004067655,-0.3907319341912156,-0.0710092666223153,0.594899198944201,0.3517927661366045,-0.0262724396129385,-0.1638079594966982
2026-07-09,10.378913296824544,0.0690859786978951,3.4189132968245426,13.314793349471534,0.4332800773551029,-0.726658188003092,-0.1085868639813508,-0.2903879550795238,1.4458510446115438,-0.1402838169216995,-0.3001451507061496,0.0195775168627506,0.5888526292527817,0.320689978973289,-0.0292736996944156,-0.182627917906287
2026-07-10,10.451896020548242,0.0564788269981969,3.491896020548242,13.668329131091438,0.5192142422275924,-0.9454486183727232,-1.288912178234188,-1.0368479977288456,0.9800160259324304,-0.059748460008592,-0.2196097937930421,0.1001128737758581,0.6065470405583806,0.3099976716020872,-0.0102754185375232,-0.1806824152294032
2026-07-11,10.069071081195196,0.0650631377843851,3.1090710811951974,13.154531171007427,0.0684535720693942,0.3095199739067281,-0.7710916801426946,-0.1928633944087557,1.860901225281672,-0.3982992906554686,-0.5581606244399189,-0.2384379568710184,0.3600054944535343,0.2543105536750205,-0.2541566424680134,-0.2197067548046837
2026-07-12,10.349641514928631,0.0738960227773812,3.3896415149286314,13.607172637370027,0.3988137543239448,-0.7640569007309834,-0.4571423489843361,-0.5256066951886617,1.0933215228449684,-0.1952474549276187,-0.3551087887120688,-0.0353861211431685,0.5915365256314814,0.3342750407144789,-0.0164187855356864,-0.1262920359453644
2026-07-13,10.48495812563803,0.0548660465909557,3.5249581256380305,13.46555437938311,0.5581435154152259,-0.9958622085049722,-0.3269119715679767,-0.5156663647885106,1.0785220269074995,-0.0369708544138773,-0.1968321881983275,0.1228904793705727,0.6361550692627802,0.3215466587385278,0.0277990266292358,-0.130715440530724
2026-07-14,10.533280011990144,0.0504375276473287,3.5732800119901453,13.32786249053562,0.6150405553839318,-0.9354511499807464,-0.0594593409514685,-0.2986366671347034,1.2790714541033044,0.0341305594845086,-0.1257307742999415,0.1939918932689587,0.6255739124904794,0.2949415613298482,0.0153480868898588,-0.1465799252474317
2026-07-15,10.500370844608112,0.0559156576691489,3.540370844608113,13.275522575364509,0.5762913600766929,-0.381900554610549,-0.317494461751061,-0.1096641631433786,1.815409878491688,0.0161462948548242,-0.1437150389296259,0.1760076286392744,0.4961533888120097,0.2146567655657067,-0.1136140982222272,-0.2121146308123458
2026-07-16,10.63946119605475,0.0567772133732125,3.67946119605475,13.47268534005599,0.7400645461616412,-0.7864453206104424,-0.7639673882068414,-0.5265261916284426,1.39135511402275,0.1407914549698493,-0.0190698788146008,0.3006527887542994,0.5693838509709931,0.2208353449299092,-0.0390190863645097,-0.1919805026153812
2026-07-17,10.549638807169291,0.0527053153254413,3.5896388071692917,13.774866634805864,0.6343023659921802,-0.6909433341355391,-1.2098013779449144,-0.7691970606437112,1.1658294376748095,0.0774420288032234,-0.0824193049812267,0.2373033625876736,0.5437458531503417,0.2312831850411121,-0.0636656393578687,-0.168403710737085
2026-07-18,10.666119841452748,0.0601674328194751,3.706119841452748,13.386174537195718,0.7714540081058362,-0.4488264498665331,-0.5712190802227661,-0.1879677673535259,1.8025547150553571,0.1765323000101836,0.0166709662257334,0.3363936337946338,0.4939172044620435,0.1701803608660648,-0.110628358052122,-0.2117663120366334
2026-07-19,10.788383018215344,0.0654481759282864,3.828383018215345,13.433069352403963,0.915413885919216,-0.7643730627204923,-0.3699766069215801,-0.2003135125458502,1.5987923910738338,0.305644973686038,0.1457836399015878,0.4655063074704881,0.5627127810904291,0.1765417463131839,-0.0377207710159996,-0.190115106502458
2026-07-20,11.106824105833386,0.0679933824146426,4.146824105833386,12.995755740535992,1.2903652104154475,-0.1694066424105035,-0.0286482831008722,0.5687721827773957,3.002791558363869,0.6239464268268591,0.4640850930424089,0.7838077606113092,0.4107044577820375,0.0665493403940941,-0.1862932339230885,-0.2859116183565155
2026-07-21,11.710568897389338,0.127277157389125,4.750568897389338,13.181745212162078,2.0012499487665942,0.7528247838648241,1.8643658936515992,2.5853426538460025,5.528865760723679,1.240457960724692,1.0805966269402418,1.400319294509142,0.2283305220250376,0.011473826849098,-0.3489260029776353,-0.3191449098825736
2026-07-22,11.49212276459307,0.0972784554978642,4.53212276459307,13.382977291377356,1.7440385837517731,-0.138552664402963,0.2773195203090269,1.0012376978790052,3.40483539160003,1.1342690385345455,0.9744077047500956,1.294130372318996,0.3839986164215837,0.0323964916829984,-0.1793172303792215,-0.276851186748929
2026-07-23,11.609989244260738,0.0798334654702609,4.6499892442607385,13.571958015499234,1.8828215310016887,-0.2362892990797084,0.1500516749407806,0.9430361623453752,3.286833481766136,1.2259417529413097,1.0660804191568596,1.3858030867257598,0.3947282799757936,0.0278050717630377,-0.1602363467537573,-0.2633358533468236
2026-07-24,11.630752689270732,0.0907172187274072,4.670752689270732,13.124934004809964,1.907269636193881,-0.2861876635129202,-0.4599009318519308,0.5868101694031683,2.924054802880948,1.2592891761641891,1.099427842379739,1.4191505099486392,0.3909649189674647,0.0265872253194095,-0.1536157084056201,-0.2465231449761968
2026-07-25,11.441575220148664,0.1013793956077899,4.481575220148664,13.292267535803376,1.6845209226320013,0.0721462447053847,-0.7136946228906523,0.5550398234482811,2.840287083746646,1.089711959666624,0.929850625882174,1.2495732934510742,0.321894008570361,0.0278056170675981,-0.2062139777412215,-0.223082810808426
2026-07-26,11.562404890382352,0.0988401068389919,4.602404890382352,13.70384409703853,1.8267929052817595,-0.0981450396380596,0.0215797116078849,0.9298542390226184,2.863417565085421,1.1746890066188902,1.01482767283444,1.3345503404033403,0.3649451239979798,0.0268948745460488,-0.1503652217153876,-0.206945986831411
2026-07-27,11.402085219510337,0.0845213792110606,4.442085219510337,13.855478312634618,1.6380230659814858,-0.319419273647895,-1.1381683638348674,0.0457691167177895,1.9987177408313008,1.037859085919509,0.8779977521350588,1.197720419703959,0.399171399451221,0.040000283007345,-0.1105678549399756,-0.1835809020528249
2026-07-28,11.652833161195964,0.0798925008223879,4.692833161195964,13.729192853756295,1.9332684865802925,-0.5591073934215185,-1.1555435924818054,0.0419441444294238,1.9335769024023663,1.2476387467521055,1.0877774129676554,1.4075000805365556,0.4353483640151483,0.0302820171387382,-0.0681909074362236,-0.179317734098039
2026-07-29,11.725531089331716,0.0957343670230933,4.765531089331717,13.553458756783284,2.018867316324674,-0.5375801248844755,-0.8290329882038748,0.2822959622723475,2.005762897755605,1.3497352230326949,1.1898738892482448,1.509596556817145,0.4326720856321459,0.026562392692263,-0.0605534475194872,-0.168964630111896
2026-07-30,11.782788073847108,0.0818022295353759,4.822788073847108,13.712659353783668,2.086285068039104,-0.2563533198020639,-0.5617767373651864,0.645507485580967,2.398532829405577,1.4204785226379832,1.2606171888535331,1.5803398564224334,0.3718743623190627,0.019245583679657,-0.1151392424088423,-0.163694204876461
2026-07-31,11.683577675500288,0.1314183739630252,4.723577675500288,13.72206932642736,1.9694688916399143,-0.3880124533301561,-0.5197127956477572,0.5222350839937805,1.964641834774862,1.3397050454328314,1.1798437116483813,1.4995663792172815,0.4086931858292588,0.0260339361043602,-0.0658780448721871,-0.1453787738057118
2026-08-01,11.832225123307964,0.11853829341947,4.872225123307964,13.565086058495138,2.144495166846352,-0.0545838981308054,-0.2018210527224097,1.0044710993798374,2.4881577337091376,1.4656192791362608,1.305757945351811,1.6254806129207109,0.3334136932684119,0.015205706990763,-0.1243523418529485,-0.1420117298347824
2026-08-02,11.697384252946728,0.1140044879032163,4.737384252946728,13.49879491712391,1.985725570509545,-0.0691818369545434,-0.3147708225950397,0.8474534079963403,2.186823219347967,1.3608593467196992,1.200998012935249,1.520720680504149,0.3428196018333688,0.0197726635098517,-0.1011701253636541,-0.1248191651598437
2026-08-03,11.925567127648735,0.124107690293645,4.965567127648737,13.336731143106867,2.254401549909223,0.6800958324540292,-0.2530611218220186,1.5030385603131606,3.215603242223857,1.5573065475208867,1.3974452137364366,1.7171678813053368,0.1966900073373036,0.006821829974661,-0.2361729998293837,-0.1293193267386152
2026-08-04,11.604582829405444,0.0995989051172438,4.6445828294054445,13.725121101414487,1.876455699174108,-0.2600975692291993,-1.794992605101842,-0.1519879414716875,1.3691407456142706,1.2874483536701886,1.1275870198857385,1.4473096874546387,0.3582682660213476,0.0247011329070126,-0.0691294710119895,-0.104205079384765
2026-08-05,11.491331731844568,0.0857222643956213,4.531331731844568,13.773867111776523,1.7431071751229763,-0.0815967149220543,-0.6287632075262122,0.5355625328182742,1.6937760343545525,1.1402180422325263,0.9803567084480762,1.3000793760169764,0.3523474325675879,0.0289018766758396,-0.073234344315838,-0.0929444250406815
2026-08-06,11.381052692685213,0.1402839676069782,4.421052692685213,13.200851643262354,1.613258127984408,-0.2873184374943753,-0.0539218443548568,0.6529771783040753,1.4623274473724206,1.0141249297442554,0.8542635959598053,1.1739862635287055,0.4175463984384638,0.043972110227311,-0.0020670806652302,-0.0744240236159541
2026-08-07,11.18716131808879,0.101715902886758,4.227161318088791,13.51218432109417,1.3849589839979248,-0.0269609262143589,-1.0281168230855495,0.1571330928810663,1.2337585605254178,0.813077901829141,0.6532165680446909,0.9729392356135912,0.3523775493435901,0.0475510825709383,-0.0628577524122118,-0.0633911093544109
2026-08-08,11.377769627212626,0.0998901062015078,4.417769627212626,13.79995811712018,1.6093924529970431,0.1400270310940863,-0.4989407159660147,0.676805351117728,1.6765498661919271,0.9581953151781188,0.7983339813936687,1.118056648962569,0.3164801741211199,0.0301691114954501,-0.091171238626159,-0.0701437174128224
2026-08-09,11.259756804387246,0.1061166349335002,4.299756804387246,13.087081625850596,1.470437192679033,-0.2031870490168109,0.2126108280987782,0.7774191345872781,1.2705637920522297,0.8724299243165747,0.7125685905321246,1.0322912581010248,0.4130114009608489,0.0525252678250172,0.0107181580840921,-0.0385795364389173
2026-08-10,11.411235369273692,0.0968260555278685,4.451235369273692,13.279824475406585,1.6487969921691272,-0.3105094154370409,-1.067878164434552,0.0961269552976247,0.9382332112251894,0.9971865857687844,0.8373252519843342,1.1570479195532344,0.398105835544087,0.0392410932957282,-0.0032306703039709,-0.0462250415699712
2026-08-11,11.36386571510559,0.1197932686118311,4.4038657151055896,13.359110937958553,1.593021166555309,-0.2744876098201498,-1.011452657727964,0.1203634444928039,0.8664067331343119,0.9737222168491486,0.8138608830646985,1.1335835506335987,0.3946068705416484,0.0418265826284873,0.0054761953133911,-0.0359113003342341
2026-08-12,11.513941108831077,0.0922330889382024,4.553941108831077,13.47480916080358,1.7697287895337854,-0.3221729435818065,-0.1531885439229429,0.6598166193760018,1.1439643945096931,1.1100848516920752,0.950223517907625,1.2699461854765253,0.4138896870078264,0.0349808724728689,0.0239886583935212,-0.0382384637723046
2026-08-13,11.771392553767669,0.093371246227317,4.811392553767669,13.43740217395699,2.072867310365087,0.1287997315568659,0.7956381332853162,1.6348541852381815,2.095970606622438,1.3733894412690653,1.2135281074846151,1.5332507750535154,0.3199895510829971,0.0158396060407415,-0.0702712000210143,-0.0537801633093414
2026-08-14,11.732549791715654,0.1153920560500258,4.772549791715654,13.2933074111946,2.0271315506129906,0.4349958701416017,-0.1283803738687212,1.2939552766767302,2.075343853942788,1.3798445724290629,1.2199832386446126,1.5397059062135128,0.247454065656831,0.0123033402165948,-0.1333347029514051,-0.0514401635831605
2026-08-15,11.52772179834914,0.1301297818670428,4.567721798349141,13.290410005846288,1.7859549864291666,-0.0026090370654793,-0.2835744620073979,0.799905543038915,1.2277767486591462,1.1896477025405852,1.029786368756135,1.3495090363250353,0.3405505347573197,0.0259399309721503,-0.0159115209570235,-0.0282064648451198
2026-08-16,11.398348862203528,0.1225680882131048,4.438348862203527,12.818245787579585,1.633623658444416,-0.6935290094446227,1.1067584520501783,1.047533379294252,0.616303244619911,1.038712954754779,0.878851620970329,1.1985742885392292,0.5365604772119389,0.0643169958286305,0.1858966871967685,0.0156915452994658
2026-08-17,11.654710725593386,0.0895530313934302,4.694710725593386,13.105799040942944,1.935479241677589,-0.0241804784277635,0.3272364293989287,1.2044546451371618,1.3002721979900462,1.2525665761612654,1.092705242376815,1.4124279099457155,0.3495179658743546,0.0217123071320555,-0.0129680440238986,-0.0247322792711368
2026-08-18,11.783665587035026,0.1012207471637679,4.823665587035026,12.91182718350805,2.08731830383959,-0.025018092183631,0.5995376593555041,1.4361110978517315,1.4128385183114265,1.4074074234929674,1.247546089708517,1.5672687572774175,0.3469489498529703,0.0173252854137256,-0.0185653861356053,-0.0258318088210822
2026-08-19,11.712084415368832,0.0972396563706919,4.7520844153688335,13.33606835434387,2.003034409050787,-0.2393956023199697,-0.4513521254673602,0.6727406555635376,0.8005088320478282,1.3644507632946392,1.204589429510189,1.524312097079089,0.3753352737842484,0.0219135627093245,0.0057965538305268,-0.018989428614731
2026-08-20,11.847792480725904,0.0846872201847899,4.887792480725904,12.998787901115833,2.16282509193995,0.1864122414311954,0.2668459435584786,1.4271800240955046,1.4977941859924866,1.4852258791649926,1.3253645453805425,1.6450872129494427,0.2935786172843284,0.0125053999859914,-0.0876520728720148,-0.026746860909159
2026-08-21,11.67438654932706,0.080053238650891,4.7143865493270605,13.465250193920816,1.9586467174096929,-0.2107672334671143,0.293680832465864,1.0794751110849734,0.8917146680046479,1.3431342970818594,1.1832729632974093,1.5029956308663095,0.3878085476316137,0.0243469178961389,-0.0034015381202032,-0.0139143893547998
2026-08-22,11.748025855969033,0.0896983265090919,4.788025855969033,13.301360587566904,2.0453539817483644,-0.1855377031845893,0.8240034568996295,1.4355753279093504,1.0830149931787632,1.3890060911799258,1.2291447573954757,1.548867424964376,0.3887965209961838,0.0215707894531633,-0.0051629698036589,-0.0155667300134076
2026-08-23,11.615104894720924,0.0917540524191615,4.655104894720924,12.62282485142394,1.888844999675452,-0.4544354346126402,1.4519880678229529,1.5278541477956766,0.7536946612902038,1.2733000372805066,1.1134387034960564,1.433161371064957,0.4734337808429388,0.0363595636726435,0.0723242183468201,-4.893500402465556e-05
2026-08-24,11.638314327447516,0.0652192077356249,4.678314327447517,12.912411804763314,1.9161731551177568,-0.5949234799877783,0.1791213469730756,0.7485988510969898,0.2956894110693299,1.2740942506954664,1.1142329169110163,1.4339555844799166,0.4750942409194361,0.0354639503840097,0.0545690907706019,-0.00260234312718
2026-08-25,11.837379541104635,0.0773275915218976,4.877379541104637,12.902940199000009,2.1505642824693574,-0.2966064096566723,-0.4292157080700288,0.7277302377736259,0.6346177618257167,1.4588709797690376,1.2990096459845877,1.6187323135534877,0.3798208988521766,0.0181053587264691,-0.0473960513534018,-0.0190083642650166
2026-08-26,11.81133560065635,0.0876818109284272,4.851335600656349,12.90371768116556,2.11989861040037,-0.8907144416911685,-0.6169662390265929,0.2289605770161216,-0.0953935689367411,1.4632256008889846,1.3033642671045345,1.623086934673435,0.512994082324783,0.0306828107668318,0.0871198678158111,-0.0049060007629959
2026-08-27,11.960171862374782,0.0937960575908861,5.000171862374782,13.044914179604795,2.2951472062453004,-0.3497626685391489,-0.717672897504267,0.6118292508932671,0.6032367378584309,1.6031577941397428,1.443296460355293,1.763019127924193,0.376867403102515,0.0146157679694811,-0.0484669206875298,-0.0207663171194661
2026-08-28,11.978430117786877,0.103407954262496,5.018430117786875,13.578103586304456,2.316645553399441,0.1999157001916011,-1.035087379149943,0.7978074733973083,1.1253805233336729,1.643787426457488,1.483926092673038,1.8036487602419384,0.2595814381265107,0.0086805562073343,-0.1638386388573164,-0.0262725164869227
2026-08-29,11.944971696464751,0.1085277532497947,4.984971696464752,13.672927228223926,2.27724963409731,-0.1186289472659079,-0.6113482171402448,0.8082828886549943,0.8377632518105425,1.61914927506082,1.45928794127637,1.7790106088452702,0.3310418756758536,0.012505404548886,-0.0880938033759586,-0.0216307581427334
2026-08-30,12.016685986277526,0.1168296126310686,5.056685986277526,13.155540321717838,2.361690270045832,-0.5316499714431352,0.2851688257988889,1.0866942888629878,0.6647698039145609,1.6818173627939894,1.5219560290095393,1.8416786965784395,0.4359048532230951,0.0164866842855074,0.0210375699337908,-0.0168311718916381
2026-08-31,12.34782815549378,0.1193872181685529,5.38782815549378,13.22592032277906,2.751596597376047,1.075680992443375,0.6901898250935881,2.5438607442120698,2.771571611516252,2.0034851664979616,1.8436238327135115,2.163346500282412,0.1406899121399644,0.0023092992278917,-0.2704061896710829,-0.030352654473231
2026-09-01,12.231312620588994,0.122793880165318,5.271312620588994,13.347631861821403,2.614404332195312,-0.3875067332436508,0.3634139853480116,1.357435847129403,1.0246940817897914,1.944035073611095,1.7841737398266448,2.103896407395545,0.3902162353920856,0.0097127277111594,-0.0163401470282632,-0.0220854625166895
2026-09-02,12.368874740747664,0.1271039578026838,5.408874740747664,12.770217083365871,2.7763780885965907,0.1397865004698517,-0.0478614428283053,1.5526028199598156,1.5894609154557175,2.06269494925838,1.9028336154739296,2.22255628304283,0.2662151196486783,0.004617465061849,-0.1337888247225686,-0.0259596732635307
2026-09-03,12.311844796045804,0.1003366315856343,5.351844796045804,13.360458813509313,2.7092276669538977,-0.1170816318707148,-0.2684201698227256,1.2308932880557808,1.19969346969196,2.028259413727889,1.868398079943439,2.188120747512339,0.3145170101443965,0.0062990637715654,-0.0822849267313244,-0.0233373329107563
2026-09-04,12.138856859148724,0.098091345442202,5.178856859148724,13.467833489894849,2.5055414638115745,0.0088327505441733,-0.7171854954102942,0.9534157757287132,1.0330716732192295,1.8618805814957649,1.7020192477113143,2.0217419152802147,0.2916155473997046,0.007655218864519,-0.1017421576947295,-0.020932170640778
2026-09-05,12.342937039341834,0.1074276533973309,5.382937039341834,13.267829563068249,2.745837508644267,-0.1994078760460198,-0.3140017803968266,1.1728792370550332,1.093570400214824,2.0241296310558203,1.8642682972713704,2.1839909648402704,0.328331211528175,0.0063334417760926,-0.0607249860312381,-0.0212212484631288
2026-09-06,12.39960883506476,0.1002519970376111,5.439608835064761,13.093051304775566,2.8125662245484757,-0.3423183410189362,0.8838688714721858,1.7806040400435807,1.254067679978203,2.104294895765467,1.944433561981017,2.264156229549917,0.380133195288163,0.0070244135638586,-0.0058965579077486,-0.0194662813449538
2026-09-07,12.48167883239201,0.0989115232066166,5.52167883239201,12.92860900867648,2.909200281508375,-0.5530377431333756,0.0378575363632246,1.230046176870356,0.9073795022625132,2.191990567537601,2.032129233753151,2.351851901322051,0.402580706912207,0.0066976303661524,0.0183025385053351,-0.0190736423024337
2026-09-08,12.207363146083011,0.0964508096418573,5.247363146083013,13.480883312773411,2.586204807899698,-0.1828424797005755,-0.4612736903596754,1.016252324625338,0.8844125700693832,1.952003869885272,1.7921425361008216,2.111865203669722,0.330567682461927,0.0080342157802915,-0.0512909655933423,-0.0169701712454123
2026-09-09,12.117781239238708,0.0981853259470998,5.157781239238708,13.52415771762603,2.4807257854738647,-0.267841283658198,-0.8251550032377296,0.704122051021432,0.6117395513091222,1.8291256704534065,1.6692643366689563,1.9889870042378568,0.3465323340447516,0.0099800654112882,-0.0334006117158207,-0.0144323872132014
2026-09-10,11.756398071659884,0.0992860499286638,4.796398071659884,13.781594922161752,2.055211922461148,-0.4144709665513928,-0.9571722975217466,0.3092976965936829,0.0600183167860419,1.473286254214704,1.313424920430254,1.6331475879991542,0.3998590548930865,0.0223961643394943,0.0216641992061687,-0.0017013784328677
2026-09-11,11.53554139360713,0.105309772809327,4.575541393607129,13.43021598717698,1.7951622392398463,-0.2196704574851025,-0.2066361999678492,0.7091739403487373,0.1994348886432172,1.2117279287621805,1.0518665949777302,1.3715892625466304,0.3883373391654104,0.0307461179825667,0.0115810769238215,0.0066345687706734
2026-09-12,11.638304427090606,0.0960834266606839,4.678304427090606,13.098927633912687,1.9161614978534116,-0.1036939742604668,0.7394230855846228,1.3715584171877158,0.6272600311990577,1.2658664742583727,1.1060051404739226,1.4257278080428228,0.3764627537483127,0.0246966951215871,-0.0012063759752737,0.0001228369317107
2026-09-13,11.958045721363815,0.1174257530657232,4.998045721363817,12.865427046496883,2.2926437623772675,0.4246126119845935,0.987035289036836,2.0471429209775525,1.5371477735245715,1.5728850576480713,1.4130237238636212,1.7327463914325214,0.2563775495691633,0.0087459134171461,-0.1184782291482281,-0.0154383005797467
2026-09-14,11.461968426428031,0.1122988595648112,4.501968426428031,13.091908391678505,1.7085330868987725,-0.2988925871503332,-0.1010118888120478,0.670677464682666,0.0319406249159808,1.1596443674677326,0.9997830336832824,1.3195057012521827,0.4134412853582367,0.0380024359601717,0.0395243251889849,0.0138144265882354
2026-09-15,10.914358195990369,0.1092920522401936,3.954358195990367,13.234130070841235,1.063744492731641,-0.5501289400304569,-0.7086439212807244,-0.1716755959689417,-0.935182303311691,0.5828610448586244,0.4229997110741743,0.7427223786430746,0.4963996696306883,0.1197626063276075,0.1228803486523574,0.0946037960288546
2026-09-16,10.947648515006794,0.1335983342158107,3.9876485150067937,13.441491131769553,1.1029424784610558,0.4726910163579589,0.1093490081740466,0.9535269599058348,0.3166396379519066,0.5230911236093401,0.3632297898248899,0.6829524573937902,0.2892274727567109,0.0539785342594154,-0.0811138292516022,0.0266442104957289
2026-09-17,11.191517654804889,0.1667796815772458,4.231517654804889,12.938068747968268,1.3900883918701017,0.8864588676869536,0.4248545047019105,1.545786429417997,1.0349493095720153,0.7409630483891279,0.5811017146046777,0.900824382173578,0.2100082130968634,0.0249145826623406,-0.1544282963904546,-0.0024503261790495
2026-09-18,12.146457674071051,0.184937064618685,5.186457674071051,13.226234753590328,2.5144911117470685,1.6387714264518125,0.5374450847150444,2.690724187301709,2.758250118747667,1.6643930066625192,1.504531672878069,1.824254340446969,0.0920508758245984,0.0020985025901221,-0.262750287902542,-0.0244592489794043
2026-09-19,12.151411963956065,0.1948866986396649,5.191411963956065,13.328625467757805,2.520324584959395,0.5073789066753587,-0.270105672372462,1.5263154928919056,1.4084558343541056,1.815914983919249,1.6560536501347989,1.975776317703699,0.2119384748963751,0.0050803398656168,-0.1314557896142438,-0.0203491768656097
2026-09-20,12.298654305297427,0.1817146026234994,5.338654305297429,13.256185957238715,2.69369640491151,1.1552377080988452,0.5445981000427885,2.482883644873109,2.332206512733809,1.9797227362906464,1.8198614025061963,2.1395840700750965,0.1320754279749698,0.0023494236847874,-0.2027771626487649,-0.0221760598281839
2026-09-21,12.28999364154222,0.1660467638539908,5.329993641542221,13.167430991260648,2.683498828429399,0.9324651888150016,0.3396145128319914,2.2220764235253725,2.041734291079115,1.9976236607337503,1.8377623269493,2.1574849945182004,0.1555002460820511,0.0028394366119548,-0.1743099145984744,-0.0210756002009601
2026-09-22,12.5276617511815,0.1713857159624094,5.567661751181499,13.082529877205268,2.9633432830704165,1.0363135879420058,0.2761996648775178,2.403314907040902,2.3392102305461657,2.221224526508076,2.0613631927236256,2.381085860292526,0.1343604777074601,0.0016272194511263,-0.18900797836611,-0.0215159197004909
2026-09-23,12.217618174113111,0.1245453278847151,5.257618174113113,13.180880977456596,2.5982796829461123,0.1302837378811493,0.1345289027627726,1.5519065152630402,1.120310557431548,1.9677347815004569,1.8078734477160068,2.127596115284907,0.2799540870522287,0.0063363952514033,-0.0413909759474074,-0.0162101941881101
2026-09-24,12.287030007568294,0.1331004156682726,5.327030007568294,13.282368998545428,2.680009270934925,0.6329835525329395,0.2395512934322866,1.974076956162088,1.6721390727752068,1.9921068629634973,1.8322455291790471,2.151968196747948,0.1943228839125242,0.003650585141231,-0.1237913193373006,-0.0182960053980502
2026-09-25,12.029151403028834,0.1369360902935552,5.069151403028834,13.521624604266824,2.3763677871849103,0.7275292568095363,0.4791707035006382,2.0039466221052167,1.5326496872889075,1.7573171595360146,1.5974558257515643,1.9171784933204647,0.1956628174995571,0.0056733444312113,-0.1192507760197118,-0.0158046857663071
2026-09-26,12.126082932294272,0.1635658712016126,5.166082932294272,13.05692328226302,2.4905006886750454,0.5527307750001788,-0.0880940455781134,1.6399257080252676,1.31958475743754,1.8078873676390248,1.6480260338545745,1.967748701423475,0.208933837573664,0.0052098928464577,-0.1010535497141796,-0.0157596326801157
2026-09-27,12.612604571810277,0.1516175623512876,5.652604571810277,12.780722309053823,3.063359971681304,1.5533532513908055,1.809889161472186,3.635098793168254,3.1781911588021208,2.272179028785496,2.1123176950010456,2.432040362569946,0.097380799065479,0.0010027264931813,-0.2092072695908477,-0.0195359602076741
2026-09-28,12.199628342321107,0.1478882301265826,5.239628342321109,13.091877335971398,2.5770973935991828,0.505491442265963,0.2197970884507054,1.8267090255733076,1.3990643182705538,1.960318012103055,1.800456678318605,2.120179345887505,0.2174964447034887,0.0048129521937713,-0.0866229348975459,-0.0154166567321102
2026-09-29,12.107900652886311,0.1342243627172176,5.147900652886311,13.293827054519737,2.4690918001507325,0.9770575901879998,-0.7109558908205682,1.553992515000763,1.5112624931338654,1.824323361790729,1.664462028006279,1.9841846955751792,0.1445774082548344,0.0035926374992047,-0.1575653242834165,-0.0163125214665139
2026-09-30,12.352333854925815,0.1511040402707592,5.392333854925817,12.831956107916488,2.756901873722329,0.863910357911002,0.7982837592240796,2.471647290784089,1.9988003397122616,2.030538486709975,1.8706771529255248,2.190399820494425,0.1674053324289049,0.0027617077983866,-0.1329475849063468,-0.0169245533507399
2026-10-01,12.123289440204491,0.1458610865264902,5.163289440204491,12.999523026196869,2.4872114662732883,-0.0649012398584986,0.1145039852200191,1.3568957249557978,0.739810524590079,1.848654734046634,1.6887934002621838,2.008516067831084,0.3234486783134566,0.0089551813697338,0.0245721688196441,-0.0104468978816541
2026-10-02,11.894709946242967,0.132513513901213,4.934709946242969,13.691566868209174,2.218068483957034,0.4815945512433839,-0.6914744302951656,1.114477019942246,0.7931897541913744,1.6071937008996724,1.4473323671152225,1.7670550346841225,0.2219866099993548,0.0082740771173445,-0.0754563794234767,-0.0108523121158909
2026-10-03,12.114442961378916,0.123211491775778,5.154442961378915,13.281100968777494,2.476795100164288,-0.1935116374807997,-0.0382498030453495,1.1848512189271194,0.5614215097581958,1.7709569065759083,1.6110955727914584,1.9308182403603589,0.3475170710838001,0.0100304254732674,0.0508826027694022,-0.0087280811217215
2026-10-04,11.990513266004871,0.1081507633995203,5.030513266004872,13.348563583211815,2.330872965013662,-0.3594980683800226,0.0950897608222725,1.0746083908570918,0.297321091085262,1.682442488420963,1.522581154636513,1.842303822205413,0.3946686730742684,0.0147979328586645,0.097578867186605,-0.0036553027188288
2026-10-05,12.052654630367364,0.0925853926539664,5.092654630367364,12.945494788921906,2.4040418737371088,0.005335877682164,-0.4318713492496402,1.0546156697836335,0.5699163495907469,1.7258693739836342,1.566008040199184,1.8857307077680845,0.3029722304575157,0.0092781990406615,0.004394900864288,-0.0091097126938813
